"met2013","Geo_STATE","Geo_COUNTY","met_name"
10020,22,113,"Abbeville, LA Micro Area"
10100,46,45,"Aberdeen, SD Micro Area"
10100,46,13,"Aberdeen, SD Micro Area"
10140,53,27,"Aberdeen, WA Micro Area"
10180,48,59,"Abilene, TX Metro Area"
10180,48,253,"Abilene, TX Metro Area"
10180,48,441,"Abilene, TX Metro Area"
10220,40,123,"Ada, OK Micro Area"
10300,26,91,"Adrian, MI Micro Area"
10420,39,153,"Akron, OH Metro Area"
10420,39,133,"Akron, OH Metro Area"
10460,35,35,"Alamogordo, NM Micro Area"
10500,13,7,"Albany, GA Metro Area"
10500,13,321,"Albany, GA Metro Area"
10500,13,95,"Albany, GA Metro Area"
10500,13,273,"Albany, GA Metro Area"
10500,13,177,"Albany, GA Metro Area"
10540,41,43,"Albany-Lebanon, OR Micro Area"
10580,36,1,"Albany-Schenectady-Troy, NY Metro Area"
10580,36,83,"Albany-Schenectady-Troy, NY Metro Area"
10580,36,91,"Albany-Schenectady-Troy, NY Metro Area"
10580,36,95,"Albany-Schenectady-Troy, NY Metro Area"
10580,36,93,"Albany-Schenectady-Troy, NY Metro Area"
10620,37,167,"Albemarle, NC Micro Area"
10660,27,47,"Albert Lea, MN Micro Area"
10700,1,95,"Albertville, AL Micro Area"
10740,35,57,"Albuquerque, NM Metro Area"
10740,35,1,"Albuquerque, NM Metro Area"
10740,35,61,"Albuquerque, NM Metro Area"
10740,35,43,"Albuquerque, NM Metro Area"
10760,1,123,"Alexander City, AL Micro Area"
10760,1,37,"Alexander City, AL Micro Area"
10780,22,79,"Alexandria, LA Metro Area"
10780,22,43,"Alexandria, LA Metro Area"
10820,27,41,"Alexandria, MN Micro Area"
10860,48,249,"Alice, TX Micro Area"
10880,26,5,"Allegan, MI Micro Area"
10900,42,25,"Allentown-Bethlehem-Easton, PA-NJ Metro Area"
10900,42,95,"Allentown-Bethlehem-Easton, PA-NJ Metro Area"
10900,34,41,"Allentown-Bethlehem-Easton, PA-NJ Metro Area"
10900,42,77,"Allentown-Bethlehem-Easton, PA-NJ Metro Area"
10940,26,57,"Alma, MI Micro Area"
10980,26,7,"Alpena, MI Micro Area"
11020,42,13,"Altoona, PA Metro Area"
11060,40,65,"Altus, OK Micro Area"
11100,48,65,"Amarillo, TX Metro Area"
11100,48,381,"Amarillo, TX Metro Area"
11100,48,11,"Amarillo, TX Metro Area"
11100,48,375,"Amarillo, TX Metro Area"
11140,13,249,"Americus, GA Micro Area"
11140,13,261,"Americus, GA Micro Area"
11180,19,169,"Ames, IA Metro Area"
11220,36,57,"Amsterdam, NY Micro Area"
11260,2,170,"Anchorage, AK Metro Area"
11260,2,20,"Anchorage, AK Metro Area"
11300,18,95,"Anderson, IN Metro Area"
11340,45,7,"Anderson, SC Metro Area"
11380,48,3,"Andrews, TX Micro Area"
11420,18,151,"Angola, IN Micro Area"
11460,26,161,"Ann Arbor, MI Metro Area"
11500,1,15,"Anniston-Oxford, AL Metro Area"
11540,55,87,"Appleton, WI Metro Area"
11540,55,15,"Appleton, WI Metro Area"
11580,12,27,"Arcadia, FL Micro Area"
11620,40,19,"Ardmore, OK Micro Area"
11620,40,85,"Ardmore, OK Micro Area"
11660,5,19,"Arkadelphia, AR Micro Area"
11700,37,89,"Asheville, NC Metro Area"
11700,37,87,"Asheville, NC Metro Area"
11700,37,115,"Asheville, NC Metro Area"
11700,37,21,"Asheville, NC Metro Area"
11740,39,5,"Ashland, OH Micro Area"
11780,39,7,"Ashtabula, OH Micro Area"
11820,41,7,"Astoria, OR Micro Area"
11860,20,5,"Atchison, KS Micro Area"
11900,39,9,"Athens, OH Micro Area"
11940,47,107,"Athens, TN Micro Area"
11980,48,213,"Athens, TX Micro Area"
12020,13,221,"Athens-Clarke County, GA Metro Area"
12020,13,195,"Athens-Clarke County, GA Metro Area"
12020,13,59,"Athens-Clarke County, GA Metro Area"
12020,13,219,"Athens-Clarke County, GA Metro Area"
12060,13,97,"Atlanta-Sandy Springs-Marietta, GA Metro Area"
12060,13,45,"Atlanta-Sandy Springs-Marietta, GA Metro Area"
12060,13,113,"Atlanta-Sandy Springs-Marietta, GA Metro Area"
12060,13,35,"Atlanta-Sandy Springs-Marietta, GA Metro Area"
12060,13,121,"Atlanta-Sandy Springs-Marietta, GA Metro Area"
12060,13,171,"Atlanta-Sandy Springs-Marietta, GA Metro Area"
12060,13,15,"Atlanta-Sandy Springs-Marietta, GA Metro Area"
12060,13,117,"Atlanta-Sandy Springs-Marietta, GA Metro Area"
12060,13,89,"Atlanta-Sandy Springs-Marietta, GA Metro Area"
12060,13,227,"Atlanta-Sandy Springs-Marietta, GA Metro Area"
12060,13,199,"Atlanta-Sandy Springs-Marietta, GA Metro Area"
12060,13,223,"Atlanta-Sandy Springs-Marietta, GA Metro Area"
12060,13,135,"Atlanta-Sandy Springs-Marietta, GA Metro Area"
12060,13,85,"Atlanta-Sandy Springs-Marietta, GA Metro Area"
12060,13,231,"Atlanta-Sandy Springs-Marietta, GA Metro Area"
12060,13,63,"Atlanta-Sandy Springs-Marietta, GA Metro Area"
12060,13,247,"Atlanta-Sandy Springs-Marietta, GA Metro Area"
12060,13,57,"Atlanta-Sandy Springs-Marietta, GA Metro Area"
12060,13,143,"Atlanta-Sandy Springs-Marietta, GA Metro Area"
12060,13,151,"Atlanta-Sandy Springs-Marietta, GA Metro Area"
12060,13,13,"Atlanta-Sandy Springs-Marietta, GA Metro Area"
12060,13,255,"Atlanta-Sandy Springs-Marietta, GA Metro Area"
12060,13,217,"Atlanta-Sandy Springs-Marietta, GA Metro Area"
12060,13,149,"Atlanta-Sandy Springs-Marietta, GA Metro Area"
12060,13,67,"Atlanta-Sandy Springs-Marietta, GA Metro Area"
12060,13,77,"Atlanta-Sandy Springs-Marietta, GA Metro Area"
12060,13,159,"Atlanta-Sandy Springs-Marietta, GA Metro Area"
12060,13,297,"Atlanta-Sandy Springs-Marietta, GA Metro Area"
12100,34,1,"Atlantic City-Hammonton, NJ Metro Area"
12140,18,33,"Auburn, IN Micro Area"
12180,36,11,"Auburn, NY Micro Area"
12220,1,81,"Auburn-Opelika, AL Metro Area"
12260,13,189,"Augusta-Richmond County, GA-SC Metro Area"
12260,13,33,"Augusta-Richmond County, GA-SC Metro Area"
12260,45,3,"Augusta-Richmond County, GA-SC Metro Area"
12260,13,245,"Augusta-Richmond County, GA-SC Metro Area"
12260,45,37,"Augusta-Richmond County, GA-SC Metro Area"
12260,13,73,"Augusta-Richmond County, GA-SC Metro Area"
12300,23,11,"Augusta-Waterville, ME Micro Area"
12380,27,99,"Austin, MN Micro Area"
12420,48,491,"Austin-Round Rock-San Marcos, TX Metro Area"
12420,48,21,"Austin-Round Rock-San Marcos, TX Metro Area"
12420,48,453,"Austin-Round Rock-San Marcos, TX Metro Area"
12420,48,209,"Austin-Round Rock-San Marcos, TX Metro Area"
12420,48,55,"Austin-Round Rock-San Marcos, TX Metro Area"
12460,13,87,"Bainbridge, GA Micro Area"
12540,6,29,"Bakersfield-Delano, CA Metro Area"
12580,24,35,"Baltimore-Towson, MD Metro Area"
12580,24,5,"Baltimore-Towson, MD Metro Area"
12580,24,27,"Baltimore-Towson, MD Metro Area"
12580,24,3,"Baltimore-Towson, MD Metro Area"
12580,24,510,"Baltimore-Towson, MD Metro Area"
12580,24,25,"Baltimore-Towson, MD Metro Area"
12580,24,13,"Baltimore-Towson, MD Metro Area"
12620,23,19,"Bangor, ME Metro Area"
12660,55,111,"Baraboo, WI Micro Area"
12700,25,1,"Barnstable Town, MA Metro Area"
12740,50,23,"Barre, VT Micro Area"
12780,40,147,"Bartlesville, OK Micro Area"
12820,22,67,"Bastrop, LA Micro Area"
12860,36,37,"Batavia, NY Micro Area"
12900,5,63,"Batesville, AR Micro Area"
12940,22,121,"Baton Rouge, LA Metro Area"
12940,22,91,"Baton Rouge, LA Metro Area"
12940,22,77,"Baton Rouge, LA Metro Area"
12940,22,63,"Baton Rouge, LA Metro Area"
12940,22,5,"Baton Rouge, LA Metro Area"
12940,22,37,"Baton Rouge, LA Metro Area"
12940,22,125,"Baton Rouge, LA Metro Area"
12940,22,33,"Baton Rouge, LA Metro Area"
12940,22,47,"Baton Rouge, LA Metro Area"
12980,26,25,"Battle Creek, MI Metro Area"
13020,26,17,"Bay City, MI Metro Area"
13060,48,321,"Bay City, TX Micro Area"
13100,31,67,"Beatrice, NE Micro Area"
13140,48,199,"Beaumont-Port Arthur, TX Metro Area"
13140,48,245,"Beaumont-Port Arthur, TX Metro Area"
13140,48,361,"Beaumont-Port Arthur, TX Metro Area"
13180,55,27,"Beaver Dam, WI Micro Area"
13220,54,81,"Beckley, WV Micro Area"
13260,18,93,"Bedford, IN Micro Area"
13300,48,25,"Beeville, TX Micro Area"
13340,39,91,"Bellefontaine, OH Micro Area"
13380,53,73,"Bellingham, WA Metro Area"
13420,27,7,"Bemidji, MN Micro Area"
13460,41,17,"Bend, OR Metro Area"
13500,45,69,"Bennettsville, SC Micro Area"
13540,50,3,"Bennington, VT Micro Area"
13620,50,9,"Berlin, NH-VT Micro Area"
13620,33,7,"Berlin, NH-VT Micro Area"
13660,26,107,"Big Rapids, MI Micro Area"
13700,48,227,"Big Spring, TX Micro Area"
13740,30,9,"Billings, MT Metro Area"
13740,30,111,"Billings, MT Metro Area"
13780,36,7,"Binghamton, NY Metro Area"
13780,36,107,"Binghamton, NY Metro Area"
13820,1,7,"Birmingham-Hoover, AL Metro Area"
13820,1,9,"Birmingham-Hoover, AL Metro Area"
13820,1,115,"Birmingham-Hoover, AL Metro Area"
13820,1,21,"Birmingham-Hoover, AL Metro Area"
13820,1,127,"Birmingham-Hoover, AL Metro Area"
13820,1,117,"Birmingham-Hoover, AL Metro Area"
13820,1,73,"Birmingham-Hoover, AL Metro Area"
13860,6,27,"Bishop, CA Micro Area"
13900,38,15,"Bismarck, ND Metro Area"
13900,38,59,"Bismarck, ND Metro Area"
13940,16,11,"Blackfoot, ID Micro Area"
13980,51,71,"Blacksburg-Christiansburg-Radford, VA Metro Area"
13980,51,155,"Blacksburg-Christiansburg-Radford, VA Metro Area"
13980,51,121,"Blacksburg-Christiansburg-Radford, VA Metro Area"
13980,51,750,"Blacksburg-Christiansburg-Radford, VA Metro Area"
14020,18,119,"Bloomington, IN Metro Area"
14020,18,105,"Bloomington, IN Metro Area"
14020,18,55,"Bloomington, IN Metro Area"
14010,17,113,"Bloomington-Normal, IL Metro Area"
14100,42,37,"Bloomsburg-Berwick, PA Micro Area"
14100,42,93,"Bloomsburg-Berwick, PA Micro Area"
14140,51,185,"Bluefield, WV-VA Micro Area"
14140,54,55,"Bluefield, WV-VA Micro Area"
14180,5,93,"Blytheville, AR Micro Area"
14220,22,117,"Bogalusa, LA Micro Area"
14260,16,27,"Boise City-Nampa, ID Metro Area"
14260,16,45,"Boise City-Nampa, ID Metro Area"
14260,16,15,"Boise City-Nampa, ID Metro Area"
14260,16,73,"Boise City-Nampa, ID Metro Area"
14260,16,1,"Boise City-Nampa, ID Metro Area"
14300,48,147,"Bonham, TX Micro Area"
14340,19,15,"Boone, IA Micro Area"
14380,37,189,"Boone, NC Micro Area"
14420,48,233,"Borger, TX Micro Area"
14460,25,9,"Boston-Cambridge-Quincy, MA-NH Metro Area"
14460,25,21,"Boston-Cambridge-Quincy, MA-NH Metro Area"
14460,33,15,"Boston-Cambridge-Quincy, MA-NH Metro Area"
14460,33,17,"Boston-Cambridge-Quincy, MA-NH Metro Area"
14460,25,17,"Boston-Cambridge-Quincy, MA-NH Metro Area"
14460,25,23,"Boston-Cambridge-Quincy, MA-NH Metro Area"
14460,25,25,"Boston-Cambridge-Quincy, MA-NH Metro Area"
14500,8,13,"Boulder, CO Metro Area"
14540,21,227,"Bowling Green, KY Metro Area"
14540,21,61,"Bowling Green, KY Metro Area"
14580,30,31,"Bozeman, MT Micro Area"
14620,42,83,"Bradford, PA Micro Area"
14660,27,35,"Brainerd, MN Micro Area"
14660,27,21,"Brainerd, MN Micro Area"
14700,29,209,"Branson, MO Micro Area"
14700,29,213,"Branson, MO Micro Area"
14740,53,35,"Bremerton-Silverdale, WA Metro Area"
14780,48,477,"Brenham, TX Micro Area"
14820,37,175,"Brevard, NC Micro Area"
14860,9,1,"Bridgeport-Stamford-Norwalk, CT Metro Area"
14940,49,3,"Brigham City, UT Micro Area"
15020,28,85,"Brookhaven, MS Micro Area"
15060,41,15,"Brookings, OR Micro Area"
15100,46,11,"Brookings, SD Micro Area"
15140,47,75,"Brownsville, TN Micro Area"
15180,48,61,"Brownsville-Harlingen, TX Metro Area"
15220,48,49,"Brownwood, TX Micro Area"
15260,13,25,"Brunswick, GA Metro Area"
15260,13,127,"Brunswick, GA Metro Area"
15260,13,191,"Brunswick, GA Metro Area"
15340,39,33,"Bucyrus, OH Micro Area"
15380,36,63,"Buffalo-Niagara Falls, NY Metro Area"
15380,36,29,"Buffalo-Niagara Falls, NY Metro Area"
15420,16,67,"Burley, ID Micro Area"
15420,16,31,"Burley, ID Micro Area"
15460,19,57,"Burlington, IA-IL Micro Area"
15460,17,71,"Burlington, IA-IL Micro Area"
15500,37,1,"Burlington, NC Metro Area"
15540,50,7,"Burlington-South Burlington, VT Metro Area"
15540,50,11,"Burlington-South Burlington, VT Metro Area"
15540,50,13,"Burlington-South Burlington, VT Metro Area"
15580,30,93,"Butte-Silver Bow, MT Micro Area"
15620,26,113,"Cadillac, MI Micro Area"
15620,26,165,"Cadillac, MI Micro Area"
15660,13,129,"Calhoun, GA Micro Area"
15700,24,19,"Cambridge, MD Micro Area"
15740,39,59,"Cambridge, OH Micro Area"
15780,5,103,"Camden, AR Micro Area"
15780,5,13,"Camden, AR Micro Area"
15820,21,217,"Campbellsville, KY Micro Area"
15860,8,43,"Cañon City, CO Micro Area"
15900,17,57,"Canton, IL Micro Area"
15940,39,151,"Canton-Massillon, OH Metro Area"
15940,39,19,"Canton-Massillon, OH Metro Area"
15980,12,71,"Cape Coral-Fort Myers, FL Metro Area"
16020,29,31,"Cape Girardeau-Jackson, MO-IL Metro Area"
16020,17,3,"Cape Girardeau-Jackson, MO-IL Metro Area"
16020,29,17,"Cape Girardeau-Jackson, MO-IL Metro Area"
16060,17,77,"Carbondale, IL Micro Area"
16100,35,15,"Carlsbad-Artesia, NM Micro Area"
16180,32,510,"Carson City, NV Metro Area"
16220,56,25,"Casper, WY Metro Area"
16260,49,21,"Cedar City, UT Micro Area"
16300,19,113,"Cedar Rapids, IA Metro Area"
16300,19,11,"Cedar Rapids, IA Metro Area"
16300,19,105,"Cedar Rapids, IA Metro Area"
16340,13,233,"Cedartown, GA Micro Area"
16380,39,107,"Celina, OH Micro Area"
16420,21,177,"Central City, KY Micro Area"
16460,17,121,"Centralia, IL Micro Area"
16500,53,41,"Centralia, WA Micro Area"
16540,42,55,"Chambersburg, PA Micro Area"
16580,17,147,"Champaign-Urbana, IL Metro Area"
16580,17,19,"Champaign-Urbana, IL Metro Area"
16580,17,53,"Champaign-Urbana, IL Metro Area"
16620,54,39,"Charleston, WV Metro Area"
16620,54,79,"Charleston, WV Metro Area"
16620,54,5,"Charleston, WV Metro Area"
16620,54,15,"Charleston, WV Metro Area"
16620,54,43,"Charleston, WV Metro Area"
16660,17,29,"Charleston-Mattoon, IL Micro Area"
16660,17,35,"Charleston-Mattoon, IL Micro Area"
16700,45,35,"Charleston-North Charleston-Summerville, SC Metro Area"
16700,45,19,"Charleston-North Charleston-Summerville, SC Metro Area"
16700,45,15,"Charleston-North Charleston-Summerville, SC Metro Area"
16740,37,179,"Charlotte-Gastonia-Rock Hill, NC-SC Metro Area"
16740,37,7,"Charlotte-Gastonia-Rock Hill, NC-SC Metro Area"
16740,45,91,"Charlotte-Gastonia-Rock Hill, NC-SC Metro Area"
16740,37,25,"Charlotte-Gastonia-Rock Hill, NC-SC Metro Area"
16740,37,119,"Charlotte-Gastonia-Rock Hill, NC-SC Metro Area"
16740,37,71,"Charlotte-Gastonia-Rock Hill, NC-SC Metro Area"
16820,51,540,"Charlottesville, VA Metro Area"
16820,51,65,"Charlottesville, VA Metro Area"
16820,51,79,"Charlottesville, VA Metro Area"
16820,51,3,"Charlottesville, VA Metro Area"
16820,51,125,"Charlottesville, VA Metro Area"
16860,13,47,"Chattanooga, TN-GA Metro Area"
16860,13,83,"Chattanooga, TN-GA Metro Area"
16860,47,153,"Chattanooga, TN-GA Metro Area"
16860,13,295,"Chattanooga, TN-GA Metro Area"
16860,47,115,"Chattanooga, TN-GA Metro Area"
16860,47,65,"Chattanooga, TN-GA Metro Area"
16900,45,23,"Chester, SC Micro Area"
16940,56,21,"Cheyenne, WY Metro Area"
16980,17,197,"Chicago-Joliet-Naperville, IL-IN-WI Metro Area"
16980,17,43,"Chicago-Joliet-Naperville, IL-IN-WI Metro Area"
16980,17,63,"Chicago-Joliet-Naperville, IL-IN-WI Metro Area"
16980,17,31,"Chicago-Joliet-Naperville, IL-IN-WI Metro Area"
16980,17,97,"Chicago-Joliet-Naperville, IL-IN-WI Metro Area"
16980,17,37,"Chicago-Joliet-Naperville, IL-IN-WI Metro Area"
16980,17,93,"Chicago-Joliet-Naperville, IL-IN-WI Metro Area"
16980,18,127,"Chicago-Joliet-Naperville, IL-IN-WI Metro Area"
16980,55,59,"Chicago-Joliet-Naperville, IL-IN-WI Metro Area"
16980,17,111,"Chicago-Joliet-Naperville, IL-IN-WI Metro Area"
16980,18,89,"Chicago-Joliet-Naperville, IL-IN-WI Metro Area"
16980,18,111,"Chicago-Joliet-Naperville, IL-IN-WI Metro Area"
16980,17,89,"Chicago-Joliet-Naperville, IL-IN-WI Metro Area"
16980,18,73,"Chicago-Joliet-Naperville, IL-IN-WI Metro Area"
17020,6,7,"Chico, CA Metro Area"
17060,39,141,"Chillicothe, OH Micro Area"
17140,18,29,"Cincinnati-Middletown, OH-KY-IN Metro Area"
17140,21,117,"Cincinnati-Middletown, OH-KY-IN Metro Area"
17140,39,17,"Cincinnati-Middletown, OH-KY-IN Metro Area"
17140,39,15,"Cincinnati-Middletown, OH-KY-IN Metro Area"
17140,21,81,"Cincinnati-Middletown, OH-KY-IN Metro Area"
17140,21,37,"Cincinnati-Middletown, OH-KY-IN Metro Area"
17140,21,23,"Cincinnati-Middletown, OH-KY-IN Metro Area"
17140,21,191,"Cincinnati-Middletown, OH-KY-IN Metro Area"
17140,21,15,"Cincinnati-Middletown, OH-KY-IN Metro Area"
17140,39,165,"Cincinnati-Middletown, OH-KY-IN Metro Area"
17140,18,115,"Cincinnati-Middletown, OH-KY-IN Metro Area"
17140,39,25,"Cincinnati-Middletown, OH-KY-IN Metro Area"
17140,18,47,"Cincinnati-Middletown, OH-KY-IN Metro Area"
17140,39,61,"Cincinnati-Middletown, OH-KY-IN Metro Area"
17140,21,77,"Cincinnati-Middletown, OH-KY-IN Metro Area"
17200,33,19,"Claremont, NH Micro Area"
17220,54,17,"Clarksburg, WV Micro Area"
17220,54,91,"Clarksburg, WV Micro Area"
17220,54,33,"Clarksburg, WV Micro Area"
17260,28,27,"Clarksdale, MS Micro Area"
17300,47,125,"Clarksville, TN-KY Metro Area"
17300,47,161,"Clarksville, TN-KY Metro Area"
17300,21,47,"Clarksville, TN-KY Metro Area"
17300,21,221,"Clarksville, TN-KY Metro Area"
17340,6,33,"Clearlake, CA Micro Area"
17380,28,11,"Cleveland, MS Micro Area"
17420,47,11,"Cleveland, TN Metro Area"
17420,47,139,"Cleveland, TN Metro Area"
17460,39,55,"Cleveland-Elyria-Mentor, OH Metro Area"
17460,39,103,"Cleveland-Elyria-Mentor, OH Metro Area"
17460,39,85,"Cleveland-Elyria-Mentor, OH Metro Area"
17460,39,93,"Cleveland-Elyria-Mentor, OH Metro Area"
17460,39,35,"Cleveland-Elyria-Mentor, OH Metro Area"
17500,12,51,"Clewiston, FL Micro Area"
17540,19,45,"Clinton, IA Micro Area"
17580,35,9,"Clovis, NM Micro Area"
17660,16,55,"Coeur d'Alene, ID Metro Area"
17700,20,125,"Coffeyville, KS Micro Area"
17740,26,23,"Coldwater, MI Micro Area"
17780,48,41,"College Station-Bryan, TX Metro Area"
17780,48,395,"College Station-Bryan, TX Metro Area"
17780,48,51,"College Station-Bryan, TX Metro Area"
17820,8,41,"Colorado Springs, CO Metro Area"
17820,8,119,"Colorado Springs, CO Metro Area"
17860,29,19,"Columbia, MO Metro Area"
17860,29,89,"Columbia, MO Metro Area"
17900,45,79,"Columbia, SC Metro Area"
17900,45,63,"Columbia, SC Metro Area"
17900,45,55,"Columbia, SC Metro Area"
17900,45,81,"Columbia, SC Metro Area"
17900,45,17,"Columbia, SC Metro Area"
17900,45,39,"Columbia, SC Metro Area"
17940,47,119,"Columbia, TN Micro Area"
17980,13,215,"Columbus, GA-AL Metro Area"
17980,13,145,"Columbus, GA-AL Metro Area"
17980,13,53,"Columbus, GA-AL Metro Area"
17980,13,197,"Columbus, GA-AL Metro Area"
17980,1,113,"Columbus, GA-AL Metro Area"
18020,18,5,"Columbus, IN Metro Area"
18060,28,87,"Columbus, MS Micro Area"
18100,31,141,"Columbus, NE Micro Area"
18140,39,159,"Columbus, OH Metro Area"
18140,39,49,"Columbus, OH Metro Area"
18140,39,41,"Columbus, OH Metro Area"
18140,39,89,"Columbus, OH Metro Area"
18140,39,129,"Columbus, OH Metro Area"
18140,39,97,"Columbus, OH Metro Area"
18140,39,45,"Columbus, OH Metro Area"
18140,39,117,"Columbus, OH Metro Area"
18180,33,13,"Concord, NH Micro Area"
18220,18,41,"Connersville, IN Micro Area"
18260,47,141,"Cookeville, TN Micro Area"
18260,47,87,"Cookeville, TN Micro Area"
18260,47,133,"Cookeville, TN Micro Area"
18300,41,11,"Coos Bay, OR Micro Area"
18340,21,235,"Corbin, KY Micro Area"
18380,13,81,"Cordele, GA Micro Area"
18420,28,3,"Corinth, MS Micro Area"
18460,13,137,"Cornelia, GA Micro Area"
18500,36,101,"Corning, NY Micro Area"
18580,48,355,"Corpus Christi, TX Metro Area"
18580,48,409,"Corpus Christi, TX Metro Area"
18580,48,7,"Corpus Christi, TX Metro Area"
18620,48,349,"Corsicana, TX Micro Area"
18660,36,23,"Cortland, NY Micro Area"
18700,41,3,"Corvallis, OR Metro Area"
18740,39,31,"Coshocton, OH Micro Area"
18820,18,107,"Crawfordsville, IN Micro Area"
18860,6,15,"Crescent City, CA Micro Area"
18880,12,91,"Crestview-Fort Walton Beach-Destin, FL Metro Area"
18900,47,35,"Crossville, TN Micro Area"
18940,22,1,"Crowley, LA Micro Area"
18980,1,43,"Cullman, AL Micro Area"
19020,51,47,"Culpeper, VA Micro Area"
19060,54,57,"Cumberland, MD-WV Metro Area"
19060,24,1,"Cumberland, MD-WV Metro Area"
19100,48,397,"Dallas-Fort Worth-Arlington, TX Metro Area"
19100,48,439,"Dallas-Fort Worth-Arlington, TX Metro Area"
19100,48,497,"Dallas-Fort Worth-Arlington, TX Metro Area"
19100,48,85,"Dallas-Fort Worth-Arlington, TX Metro Area"
19100,48,119,"Dallas-Fort Worth-Arlington, TX Metro Area"
19100,48,367,"Dallas-Fort Worth-Arlington, TX Metro Area"
19100,48,231,"Dallas-Fort Worth-Arlington, TX Metro Area"
19100,48,257,"Dallas-Fort Worth-Arlington, TX Metro Area"
19100,48,113,"Dallas-Fort Worth-Arlington, TX Metro Area"
19100,48,121,"Dallas-Fort Worth-Arlington, TX Metro Area"
19100,48,251,"Dallas-Fort Worth-Arlington, TX Metro Area"
19100,48,139,"Dallas-Fort Worth-Arlington, TX Metro Area"
19140,13,313,"Dalton, GA Metro Area"
19140,13,213,"Dalton, GA Metro Area"
19180,17,183,"Danville, IL Metro Area"
19220,21,21,"Danville, KY Micro Area"
19220,21,137,"Danville, KY Micro Area"
19260,51,590,"Danville, VA Metro Area"
19260,51,143,"Danville, VA Metro Area"
19300,1,3,"Daphne-Fairhope-Foley, AL Micro Area"
19340,17,161,"Davenport-Moline-Rock Island, IA-IL Metro Area"
19340,17,73,"Davenport-Moline-Rock Island, IA-IL Metro Area"
19340,19,163,"Davenport-Moline-Rock Island, IA-IL Metro Area"
19340,17,131,"Davenport-Moline-Rock Island, IA-IL Metro Area"
19380,39,109,"Dayton, OH Metro Area"
19380,39,135,"Dayton, OH Metro Area"
19380,39,57,"Dayton, OH Metro Area"
19380,39,113,"Dayton, OH Metro Area"
19460,1,79,"Decatur, AL Metro Area"
19460,1,103,"Decatur, AL Metro Area"
19500,17,115,"Decatur, IL Metro Area"
19540,18,1,"Decatur, IN Micro Area"
19580,39,39,"Defiance, OH Micro Area"
19620,48,465,"Del Rio, TX Micro Area"
19660,12,127,"Deltona-Daytona Beach-Ormond Beach, FL Metro Area"
19700,35,29,"Deming, NM Micro Area"
19740,8,5,"Denver-Aurora-Broomfield, CO Metro Area"
19740,8,47,"Denver-Aurora-Broomfield, CO Metro Area"
19740,8,31,"Denver-Aurora-Broomfield, CO Metro Area"
19740,8,59,"Denver-Aurora-Broomfield, CO Metro Area"
19740,8,39,"Denver-Aurora-Broomfield, CO Metro Area"
19740,8,19,"Denver-Aurora-Broomfield, CO Metro Area"
19740,8,35,"Denver-Aurora-Broomfield, CO Metro Area"
19740,8,14,"Denver-Aurora-Broomfield, CO Metro Area"
19740,8,1,"Denver-Aurora-Broomfield, CO Metro Area"
19740,8,93,"Denver-Aurora-Broomfield, CO Metro Area"
19760,22,11,"DeRidder, LA Micro Area"
19780,19,153,"Des Moines-West Des Moines, IA Metro Area"
19780,19,121,"Des Moines-West Des Moines, IA Metro Area"
19780,19,181,"Des Moines-West Des Moines, IA Metro Area"
19780,19,49,"Des Moines-West Des Moines, IA Metro Area"
19780,19,77,"Des Moines-West Des Moines, IA Metro Area"
19820,26,87,"Detroit-Warren-Livonia, MI Metro Area"
19820,26,163,"Detroit-Warren-Livonia, MI Metro Area"
19820,26,99,"Detroit-Warren-Livonia, MI Metro Area"
19820,26,93,"Detroit-Warren-Livonia, MI Metro Area"
19820,26,125,"Detroit-Warren-Livonia, MI Metro Area"
19820,26,147,"Detroit-Warren-Livonia, MI Metro Area"
19860,38,7,"Dickinson, ND Micro Area"
19860,38,89,"Dickinson, ND Micro Area"
19900,45,33,"Dillon, SC Micro Area"
19940,17,103,"Dixon, IL Micro Area"
19980,20,57,"Dodge City, KS Micro Area"
20020,1,69,"Dothan, AL Metro Area"
20020,1,67,"Dothan, AL Metro Area"
20020,1,61,"Dothan, AL Metro Area"
20060,13,3,"Douglas, GA Micro Area"
20060,13,69,"Douglas, GA Micro Area"
20100,10,1,"Dover, DE Metro Area"
20140,13,167,"Dublin, GA Micro Area"
20140,13,175,"Dublin, GA Micro Area"
20180,42,33,"DuBois, PA Micro Area"
20220,19,61,"Dubuque, IA Metro Area"
20260,55,31,"Duluth, MN-WI Metro Area"
20260,27,137,"Duluth, MN-WI Metro Area"
20260,27,17,"Duluth, MN-WI Metro Area"
20300,48,341,"Dumas, TX Micro Area"
20340,40,137,"Duncan, OK Micro Area"
20380,37,85,"Dunn, NC Micro Area"
20420,8,67,"Durango, CO Micro Area"
20460,40,13,"Durant, OK Micro Area"
20500,37,135,"Durham-Chapel Hill, NC Metro Area"
20500,37,145,"Durham-Chapel Hill, NC Metro Area"
20500,37,37,"Durham-Chapel Hill, NC Metro Area"
20500,37,63,"Durham-Chapel Hill, NC Metro Area"
20540,47,45,"Dyersburg, TN Micro Area"
20580,48,323,"Eagle Pass, TX Micro Area"
20620,39,29,"East Liverpool-Salem, OH Micro Area"
20660,24,41,"Easton, MD Micro Area"
20700,42,89,"East Stroudsburg, PA Micro Area"
20740,55,35,"Eau Claire, WI Metro Area"
20740,55,17,"Eau Claire, WI Metro Area"
20780,8,37,"Edwards, CO Micro Area"
20780,8,65,"Edwards, CO Micro Area"
20820,17,49,"Effingham, IL Micro Area"
20900,48,481,"El Campo, TX Micro Area"
20940,6,25,"El Centro, CA Metro Area"
20980,5,139,"El Dorado, AR Micro Area"
21020,37,139,"Elizabeth City, NC Micro Area"
21020,37,29,"Elizabeth City, NC Micro Area"
21020,37,143,"Elizabeth City, NC Micro Area"
21060,21,93,"Elizabethtown, KY Metro Area"
21060,21,123,"Elizabethtown, KY Metro Area"
21120,40,9,"Elk City, OK Micro Area"
21140,18,39,"Elkhart-Goshen, IN Metro Area"
21220,32,11,"Elko, NV Micro Area"
21220,32,7,"Elko, NV Micro Area"
21260,53,37,"Ellensburg, WA Micro Area"
21300,36,15,"Elmira, NY Metro Area"
21340,48,141,"El Paso, TX Metro Area"
21380,20,111,"Emporia, KS Micro Area"
21380,20,17,"Emporia, KS Micro Area"
21420,40,47,"Enid, OK Micro Area"
21460,1,45,"Enterprise-Ozark, AL Micro Area"
21460,1,31,"Enterprise-Ozark, AL Micro Area"
21500,42,49,"Erie, PA Metro Area"
21540,26,41,"Escanaba, MI Micro Area"
21580,35,39,"Espanola, NM Micro Area"
21640,13,239,"Eufaula, AL-GA Micro Area"
21640,1,5,"Eufaula, AL-GA Micro Area"
21660,41,39,"Eugene-Springfield, OR Metro Area"
21700,6,23,"Eureka-Arcata-Fortuna, CA Micro Area"
21740,56,41,"Evanston, WY Micro Area"
21780,18,163,"Evansville, IN-KY Metro Area"
21780,18,51,"Evansville, IN-KY Metro Area"
21780,18,129,"Evansville, IN-KY Metro Area"
21780,18,173,"Evansville, IN-KY Metro Area"
21780,21,233,"Evansville, IN-KY Metro Area"
21780,21,101,"Evansville, IN-KY Metro Area"
21820,2,90,"Fairbanks, AK Metro Area"
21860,27,91,"Fairmont, MN Micro Area"
21900,54,49,"Fairmont, WV Micro Area"
21980,32,1,"Fallon, NV Micro Area"
22020,27,27,"Fargo, ND-MN Metro Area"
22020,38,17,"Fargo, ND-MN Metro Area"
22060,27,131,"Faribault-Northfield, MN Micro Area"
22100,29,187,"Farmington, MO Micro Area"
22140,35,45,"Farmington, NM Metro Area"
22180,37,93,"Fayetteville, NC Metro Area"
22180,37,51,"Fayetteville, NC Metro Area"
22220,5,7,"Fayetteville-Springdale-Rogers, AR-MO Metro Area"
22220,5,87,"Fayetteville-Springdale-Rogers, AR-MO Metro Area"
22220,29,119,"Fayetteville-Springdale-Rogers, AR-MO Metro Area"
22220,5,143,"Fayetteville-Springdale-Rogers, AR-MO Metro Area"
22260,27,111,"Fergus Falls, MN Micro Area"
22280,32,19,"Fernley, NV Micro Area"
22300,39,63,"Findlay, OH Micro Area"
22340,13,155,"Fitzgerald, GA Micro Area"
22340,13,17,"Fitzgerald, GA Micro Area"
22380,4,5,"Flagstaff, AZ Metro Area"
22420,26,49,"Flint, MI Metro Area"
22500,45,31,"Florence, SC Metro Area"
22500,45,41,"Florence, SC Metro Area"
22520,1,77,"Florence-Muscle Shoals, AL Metro Area"
22520,1,33,"Florence-Muscle Shoals, AL Metro Area"
22540,55,39,"Fond du Lac, WI Metro Area"
22580,37,161,"Forest City, NC Micro Area"
22620,5,123,"Forrest City, AR Micro Area"
22660,8,69,"Fort Collins-Loveland, CO Metro Area"
22700,19,187,"Fort Dodge, IA Micro Area"
22780,29,169,"Fort Leonard Wood, MO Micro Area"
22800,19,111,"Fort Madison-Keokuk, IA-MO Micro Area"
22800,29,45,"Fort Madison-Keokuk, IA-MO Micro Area"
22820,8,87,"Fort Morgan, CO Micro Area"
22840,1,49,"Fort Payne, AL Micro Area"
22860,22,115,"Fort Polk South, LA Micro Area"
22900,40,135,"Fort Smith, AR-OK Metro Area"
22900,5,33,"Fort Smith, AR-OK Metro Area"
22900,40,79,"Fort Smith, AR-OK Metro Area"
22900,5,131,"Fort Smith, AR-OK Metro Area"
22900,5,47,"Fort Smith, AR-OK Metro Area"
22980,13,225,"Fort Valley, GA Micro Area"
23060,18,3,"Fort Wayne, IN Metro Area"
23060,18,179,"Fort Wayne, IN Metro Area"
23060,18,183,"Fort Wayne, IN Metro Area"
23140,18,23,"Frankfort, IN Micro Area"
23180,21,5,"Frankfort, KY Micro Area"
23180,21,73,"Frankfort, KY Micro Area"
23240,48,171,"Fredericksburg, TX Micro Area"
23300,17,177,"Freeport, IL Micro Area"
23340,31,53,"Fremont, NE Micro Area"
23380,39,143,"Fremont, OH Micro Area"
23420,6,19,"Fresno, CA Metro Area"
23460,1,55,"Gadsden, AL Metro Area"
23500,45,21,"Gaffney, SC Micro Area"
23540,12,1,"Gainesville, FL Metro Area"
23540,12,41,"Gainesville, FL Metro Area"
23580,13,139,"Gainesville, GA Metro Area"
23620,48,97,"Gainesville, TX Micro Area"
23660,17,187,"Galesburg, IL Micro Area"
23660,17,95,"Galesburg, IL Micro Area"
23700,35,31,"Gallup, NM Micro Area"
23780,20,55,"Garden City, KS Micro Area"
23820,32,5,"Gardnerville Ranchos, NV Micro Area"
23860,45,43,"Georgetown, SC Micro Area"
23900,42,1,"Gettysburg, PA Micro Area"
23940,56,5,"Gillette, WY Micro Area"
23980,21,9,"Glasgow, KY Micro Area"
23980,21,169,"Glasgow, KY Micro Area"
24020,36,115,"Glens Falls, NY Metro Area"
24020,36,113,"Glens Falls, NY Metro Area"
24100,36,35,"Gloversville, NY Micro Area"
24140,37,191,"Goldsboro, NC Metro Area"
24180,48,425,"Granbury, TX Micro Area"
24180,48,221,"Granbury, TX Micro Area"
24220,27,119,"Grand Forks, ND-MN Metro Area"
24220,38,35,"Grand Forks, ND-MN Metro Area"
24260,31,121,"Grand Island, NE Micro Area"
24260,31,93,"Grand Island, NE Micro Area"
24260,31,79,"Grand Island, NE Micro Area"
24300,8,77,"Grand Junction, CO Metro Area"
24340,26,81,"Grand Rapids-Wyoming, MI Metro Area"
24340,26,15,"Grand Rapids-Wyoming, MI Metro Area"
24340,26,67,"Grand Rapids-Wyoming, MI Metro Area"
24340,26,123,"Grand Rapids-Wyoming, MI Metro Area"
24380,35,6,"Grants, NM Micro Area"
24420,41,33,"Grants Pass, OR Micro Area"
24460,20,9,"Great Bend, KS Micro Area"
24500,30,13,"Great Falls, MT Metro Area"
24540,8,123,"Greeley, CO Metro Area"
24580,55,83,"Green Bay, WI Metro Area"
24580,55,9,"Green Bay, WI Metro Area"
24580,55,61,"Green Bay, WI Metro Area"
24620,47,59,"Greeneville, TN Micro Area"
24660,37,81,"Greensboro-High Point, NC Metro Area"
24660,37,157,"Greensboro-High Point, NC Metro Area"
24660,37,151,"Greensboro-High Point, NC Metro Area"
24700,18,31,"Greensburg, IN Micro Area"
24740,28,151,"Greenville, MS Micro Area"
24780,37,79,"Greenville, NC Metro Area"
24780,37,147,"Greenville, NC Metro Area"
24820,39,37,"Greenville, OH Micro Area"
24860,45,59,"Greenville-Mauldin-Easley, SC Metro Area"
24860,45,45,"Greenville-Mauldin-Easley, SC Metro Area"
24860,45,77,"Greenville-Mauldin-Easley, SC Metro Area"
24900,28,83,"Greenwood, MS Micro Area"
24900,28,15,"Greenwood, MS Micro Area"
24940,45,47,"Greenwood, SC Micro Area"
24980,28,43,"Grenada, MS Micro Area"
25060,28,131,"Gulfport-Biloxi, MS Metro Area"
25060,28,45,"Gulfport-Biloxi, MS Metro Area"
25060,28,47,"Gulfport-Biloxi, MS Metro Area"
25100,40,139,"Guymon, OK Micro Area"
25180,54,3,"Hagerstown-Martinsburg, MD-WV Metro Area"
25180,24,43,"Hagerstown-Martinsburg, MD-WV Metro Area"
25180,54,65,"Hagerstown-Martinsburg, MD-WV Metro Area"
25220,22,105,"Hammond, LA Micro Area"
25260,6,31,"Hanford-Corcoran, CA Metro Area"
25300,29,127,"Hannibal, MO Micro Area"
25300,29,173,"Hannibal, MO Micro Area"
25340,47,145,"Harriman, TN Micro Area"
25380,17,165,"Harrisburg, IL Micro Area"
25420,42,99,"Harrisburg-Carlisle, PA Metro Area"
25420,42,43,"Harrisburg-Carlisle, PA Metro Area"
25420,42,41,"Harrisburg-Carlisle, PA Metro Area"
25460,5,9,"Harrison, AR Micro Area"
25460,5,101,"Harrison, AR Micro Area"
25500,51,165,"Harrisonburg, VA Metro Area"
25500,51,660,"Harrisonburg, VA Metro Area"
25540,9,3,"Hartford-West Hartford-East Hartford, CT Metro Area"
25540,9,13,"Hartford-West Hartford-East Hartford, CT Metro Area"
25540,9,7,"Hartford-West Hartford-East Hartford, CT Metro Area"
25580,31,35,"Hastings, NE Micro Area"
25580,31,1,"Hastings, NE Micro Area"
25620,28,111,"Hattiesburg, MS Metro Area"
25620,28,73,"Hattiesburg, MS Metro Area"
25620,28,35,"Hattiesburg, MS Metro Area"
25660,30,41,"Havre, MT Micro Area"
25700,20,51,"Hays, KS Micro Area"
25720,49,51,"Heber, UT Micro Area"
25740,30,43,"Helena, MT Micro Area"
25740,30,49,"Helena, MT Micro Area"
25760,5,107,"Helena-West Helena, AR Micro Area"
25780,37,181,"Henderson, NC Micro Area"
25820,48,117,"Hereford, TX Micro Area"
25860,37,3,"Hickory-Lenoir-Morganton, NC Metro Area"
25860,37,35,"Hickory-Lenoir-Morganton, NC Metro Area"
25860,37,23,"Hickory-Lenoir-Morganton, NC Metro Area"
25860,37,27,"Hickory-Lenoir-Morganton, NC Metro Area"
25900,15,1,"Hilo, HI Micro Area"
25940,45,53,"Hilton Head Island-Beaufort, SC Micro Area"
25940,45,13,"Hilton Head Island-Beaufort, SC Micro Area"
25980,13,183,"Hinesville-Fort Stewart, GA Metro Area"
25980,13,179,"Hinesville-Fort Stewart, GA Metro Area"
26020,35,25,"Hobbs, NM Micro Area"
26100,26,139,"Holland-Grand Haven, MI Metro Area"
26140,12,17,"Homosassa Springs, FL Micro Area"
26180,15,3,"Honolulu, HI Metro Area"
26220,41,27,"Hood River, OR Micro Area"
26260,5,57,"Hope, AR Micro Area"
26260,5,99,"Hope, AR Micro Area"
26300,5,51,"Hot Springs, AR Metro Area"
26340,26,83,"Houghton, MI Micro Area"
26340,26,61,"Houghton, MI Micro Area"
26380,22,57,"Houma-Bayou Cane-Thibodaux, LA Metro Area"
26380,22,109,"Houma-Bayou Cane-Thibodaux, LA Metro Area"
26420,48,71,"Houston-Sugar Land-Baytown, TX Metro Area"
26420,48,201,"Houston-Sugar Land-Baytown, TX Metro Area"
26420,48,39,"Houston-Sugar Land-Baytown, TX Metro Area"
26420,48,15,"Houston-Sugar Land-Baytown, TX Metro Area"
26420,48,291,"Houston-Sugar Land-Baytown, TX Metro Area"
26420,48,167,"Houston-Sugar Land-Baytown, TX Metro Area"
26420,48,407,"Houston-Sugar Land-Baytown, TX Metro Area"
26420,48,339,"Houston-Sugar Land-Baytown, TX Metro Area"
26420,48,157,"Houston-Sugar Land-Baytown, TX Metro Area"
26420,48,473,"Houston-Sugar Land-Baytown, TX Metro Area"
26460,36,21,"Hudson, NY Micro Area"
26480,47,53,"Humboldt, TN Micro Area"
26500,42,61,"Huntingdon, PA Micro Area"
26540,18,69,"Huntington, IN Micro Area"
26580,54,99,"Huntington-Ashland, WV-KY-OH Metro Area"
26580,54,11,"Huntington-Ashland, WV-KY-OH Metro Area"
26580,21,19,"Huntington-Ashland, WV-KY-OH Metro Area"
26580,21,89,"Huntington-Ashland, WV-KY-OH Metro Area"
26580,39,87,"Huntington-Ashland, WV-KY-OH Metro Area"
26620,1,89,"Huntsville, AL Metro Area"
26620,1,83,"Huntsville, AL Metro Area"
26660,48,471,"Huntsville, TX Micro Area"
26700,46,5,"Huron, SD Micro Area"
26740,20,155,"Hutchinson, KS Micro Area"
26780,27,85,"Hutchinson, MN Micro Area"
26820,16,19,"Idaho Falls, ID Metro Area"
26820,16,51,"Idaho Falls, ID Metro Area"
26860,42,63,"Indiana, PA Micro Area"
26900,18,59,"Indianapolis-Carmel, IN Metro Area"
26900,18,109,"Indianapolis-Carmel, IN Metro Area"
26900,18,57,"Indianapolis-Carmel, IN Metro Area"
26900,18,145,"Indianapolis-Carmel, IN Metro Area"
26900,18,81,"Indianapolis-Carmel, IN Metro Area"
26900,18,97,"Indianapolis-Carmel, IN Metro Area"
26900,18,63,"Indianapolis-Carmel, IN Metro Area"
26900,18,13,"Indianapolis-Carmel, IN Metro Area"
26900,18,133,"Indianapolis-Carmel, IN Metro Area"
26900,18,11,"Indianapolis-Carmel, IN Metro Area"
26940,28,133,"Indianola, MS Micro Area"
26980,19,103,"Iowa City, IA Metro Area"
26980,19,183,"Iowa City, IA Metro Area"
27020,55,37,"Iron Mountain, MI-WI Micro Area"
27020,26,43,"Iron Mountain, MI-WI Micro Area"
27060,36,109,"Ithaca, NY Metro Area"
27100,26,75,"Jackson, MI Metro Area"
27140,28,127,"Jackson, MS Metro Area"
27140,28,29,"Jackson, MS Metro Area"
27140,28,49,"Jackson, MS Metro Area"
27140,28,121,"Jackson, MS Metro Area"
27140,28,89,"Jackson, MS Metro Area"
27180,47,113,"Jackson, TN Metro Area"
27180,47,23,"Jackson, TN Metro Area"
27220,16,81,"Jackson, WY-ID Micro Area"
27220,56,39,"Jackson, WY-ID Micro Area"
27260,12,89,"Jacksonville, FL Metro Area"
27260,12,19,"Jacksonville, FL Metro Area"
27260,12,3,"Jacksonville, FL Metro Area"
27260,12,31,"Jacksonville, FL Metro Area"
27260,12,109,"Jacksonville, FL Metro Area"
27300,17,171,"Jacksonville, IL Micro Area"
27300,17,137,"Jacksonville, IL Micro Area"
27340,37,133,"Jacksonville, NC Metro Area"
27380,48,73,"Jacksonville, TX Micro Area"
27420,38,93,"Jamestown, ND Micro Area"
27460,36,13,"Jamestown-Dunkirk-Fredonia, NY Micro Area"
27500,55,105,"Janesville, WI Metro Area"
27540,18,125,"Jasper, IN Micro Area"
27540,18,37,"Jasper, IN Micro Area"
27620,29,51,"Jefferson City, MO Metro Area"
27620,29,27,"Jefferson City, MO Metro Area"
27620,29,151,"Jefferson City, MO Metro Area"
27620,29,135,"Jefferson City, MO Metro Area"
27660,22,53,"Jennings, LA Micro Area"
27700,13,305,"Jesup, GA Micro Area"
27740,47,171,"Johnson City, TN Metro Area"
27740,47,179,"Johnson City, TN Metro Area"
27740,47,19,"Johnson City, TN Metro Area"
27780,42,21,"Johnstown, PA Metro Area"
27860,5,111,"Jonesboro, AR Metro Area"
27860,5,31,"Jonesboro, AR Metro Area"
27900,29,145,"Joplin, MO Metro Area"
27900,29,97,"Joplin, MO Metro Area"
27940,2,110,"Juneau, AK Micro Area"
27980,15,9,"Kahului-Wailuku, HI Micro Area"
28020,26,159,"Kalamazoo-Portage, MI Metro Area"
28020,26,77,"Kalamazoo-Portage, MI Metro Area"
28060,30,29,"Kalispell, MT Micro Area"
28100,17,91,"Kankakee-Bradley, IL Metro Area"
28140,20,103,"Kansas City, MO-KS Metro Area"
28140,29,49,"Kansas City, MO-KS Metro Area"
28140,20,209,"Kansas City, MO-KS Metro Area"
28140,29,25,"Kansas City, MO-KS Metro Area"
28140,29,37,"Kansas City, MO-KS Metro Area"
28140,20,91,"Kansas City, MO-KS Metro Area"
28140,20,121,"Kansas City, MO-KS Metro Area"
28140,29,13,"Kansas City, MO-KS Metro Area"
28140,29,47,"Kansas City, MO-KS Metro Area"
28140,29,165,"Kansas City, MO-KS Metro Area"
28140,29,107,"Kansas City, MO-KS Metro Area"
28140,29,177,"Kansas City, MO-KS Metro Area"
28140,20,59,"Kansas City, MO-KS Metro Area"
28140,29,95,"Kansas City, MO-KS Metro Area"
28140,20,107,"Kansas City, MO-KS Metro Area"
28180,15,7,"Kapaa, HI Micro Area"
28260,31,19,"Kearney, NE Micro Area"
28260,31,99,"Kearney, NE Micro Area"
28300,33,5,"Keene, NH Micro Area"
28340,18,113,"Kendallville, IN Micro Area"
28380,29,69,"Kennett, MO Micro Area"
28420,53,5,"Kennewick-Pasco-Richland, WA Metro Area"
28420,53,21,"Kennewick-Pasco-Richland, WA Metro Area"
28500,48,265,"Kerrville, TX Micro Area"
28540,2,130,"Ketchikan, AK Micro Area"
28580,12,87,"Key West, FL Micro Area"
28620,37,55,"Kill Devil Hills, NC Micro Area"
28660,48,99,"Killeen-Temple-Fort Hood, TX Metro Area"
28660,48,27,"Killeen-Temple-Fort Hood, TX Metro Area"
28660,48,281,"Killeen-Temple-Fort Hood, TX Metro Area"
28700,47,73,"Kingsport-Bristol-Bristol, TN-VA Metro Area"
28700,51,169,"Kingsport-Bristol-Bristol, TN-VA Metro Area"
28700,51,191,"Kingsport-Bristol-Bristol, TN-VA Metro Area"
28700,51,520,"Kingsport-Bristol-Bristol, TN-VA Metro Area"
28700,47,163,"Kingsport-Bristol-Bristol, TN-VA Metro Area"
28740,36,111,"Kingston, NY Metro Area"
28780,48,273,"Kingsville, TX Micro Area"
28780,48,261,"Kingsville, TX Micro Area"
28820,37,107,"Kinston, NC Micro Area"
28860,29,1,"Kirksville, MO Micro Area"
28860,29,197,"Kirksville, MO Micro Area"
28900,41,35,"Klamath Falls, OR Micro Area"
28940,47,173,"Knoxville, TN Metro Area"
28940,47,93,"Knoxville, TN Metro Area"
28940,47,1,"Knoxville, TN Metro Area"
28940,47,9,"Knoxville, TN Metro Area"
28940,47,105,"Knoxville, TN Metro Area"
28980,2,150,"Kodiak, AK Micro Area"
29020,18,67,"Kokomo, IN Metro Area"
29020,18,159,"Kokomo, IN Metro Area"
29060,33,1,"Laconia, NH Micro Area"
29100,55,63,"La Crosse, WI-MN Metro Area"
29100,27,55,"La Crosse, WI-MN Metro Area"
29200,18,7,"Lafayette, IN Metro Area"
29200,18,15,"Lafayette, IN Metro Area"
29200,18,157,"Lafayette, IN Metro Area"
29180,22,55,"Lafayette, LA Metro Area"
29180,22,99,"Lafayette, LA Metro Area"
29220,47,13,"La Follette, TN Micro Area"
29260,41,61,"La Grande, OR Micro Area"
29300,13,285,"LaGrange, GA Micro Area"
29340,22,19,"Lake Charles, LA Metro Area"
29340,22,23,"Lake Charles, LA Metro Area"
29380,12,23,"Lake City, FL Micro Area"
29420,4,15,"Lake Havasu City-Kingman, AZ Metro Area"
29460,12,105,"Lakeland-Winter Haven, FL Metro Area"
29500,48,115,"Lamesa, TX Micro Area"
29540,42,71,"Lancaster, PA Metro Area"
29580,45,57,"Lancaster, SC Micro Area"
29620,26,45,"Lansing-East Lansing, MI Metro Area"
29620,26,65,"Lansing-East Lansing, MI Metro Area"
29620,26,37,"Lansing-East Lansing, MI Metro Area"
29660,56,1,"Laramie, WY Micro Area"
29700,48,479,"Laredo, TX Metro Area"
29740,35,13,"Las Cruces, NM Metro Area"
29780,35,47,"Las Vegas, NM Micro Area"
29820,32,3,"Las Vegas-Paradise, NV Metro Area"
29860,28,67,"Laurel, MS Micro Area"
29860,28,61,"Laurel, MS Micro Area"
29900,37,165,"Laurinburg, NC Micro Area"
29940,20,45,"Lawrence, KS Metro Area"
29980,47,99,"Lawrenceburg, TN Micro Area"
30020,40,31,"Lawton, OK Metro Area"
30060,29,105,"Lebanon, MO Micro Area"
30100,50,27,"Lebanon, NH-VT Micro Area"
30100,50,17,"Lebanon, NH-VT Micro Area"
30100,33,9,"Lebanon, NH-VT Micro Area"
30140,42,75,"Lebanon, PA Metro Area"
30220,48,219,"Levelland, TX Micro Area"
30260,42,119,"Lewisburg, PA Micro Area"
30280,47,117,"Lewisburg, TN Micro Area"
30300,16,69,"Lewiston, ID-WA Metro Area"
30300,53,3,"Lewiston, ID-WA Metro Area"
30340,23,1,"Lewiston-Auburn, ME Metro Area"
30380,42,87,"Lewistown, PA Micro Area"
30420,31,47,"Lexington, NE Micro Area"
30420,31,73,"Lexington, NE Micro Area"
30460,21,17,"Lexington-Fayette, KY Metro Area"
30460,21,67,"Lexington-Fayette, KY Metro Area"
30460,21,113,"Lexington-Fayette, KY Metro Area"
30460,21,239,"Lexington-Fayette, KY Metro Area"
30460,21,49,"Lexington-Fayette, KY Metro Area"
30460,21,209,"Lexington-Fayette, KY Metro Area"
30500,24,37,"Lexington Park, MD Micro Area"
30580,20,175,"Liberal, KS Micro Area"
30620,39,3,"Lima, OH Metro Area"
30660,17,107,"Lincoln, IL Micro Area"
30700,31,109,"Lincoln, NE Metro Area"
30700,31,159,"Lincoln, NE Metro Area"
30740,37,109,"Lincolnton, NC Micro Area"
30780,5,119,"Little Rock-North Little Rock-Conway, AR Metro Area"
30780,5,85,"Little Rock-North Little Rock-Conway, AR Metro Area"
30780,5,105,"Little Rock-North Little Rock-Conway, AR Metro Area"
30780,5,45,"Little Rock-North Little Rock-Conway, AR Metro Area"
30780,5,53,"Little Rock-North Little Rock-Conway, AR Metro Area"
30780,5,125,"Little Rock-North Little Rock-Conway, AR Metro Area"
30820,42,35,"Lock Haven, PA Micro Area"
30860,49,5,"Logan, UT-ID Metro Area"
30860,16,41,"Logan, UT-ID Metro Area"
30900,18,17,"Logansport, IN Micro Area"
30940,21,125,"London, KY Micro Area"
30980,48,183,"Longview, TX Metro Area"
30980,48,401,"Longview, TX Metro Area"
30980,48,459,"Longview, TX Metro Area"
31020,53,15,"Longview, WA Metro Area"
31060,35,28,"Los Alamos, NM Micro Area"
31080,6,37,"Los Angeles-Long Beach-Santa Ana, CA Metro Area"
31080,6,59,"Los Angeles-Long Beach-Santa Ana, CA Metro Area"
31140,18,61,"Louisville/Jefferson County, KY-IN Metro Area"
31140,21,185,"Louisville/Jefferson County, KY-IN Metro Area"
31140,21,211,"Louisville/Jefferson County, KY-IN Metro Area"
31140,21,111,"Louisville/Jefferson County, KY-IN Metro Area"
31140,21,29,"Louisville/Jefferson County, KY-IN Metro Area"
31140,21,103,"Louisville/Jefferson County, KY-IN Metro Area"
31140,18,19,"Louisville/Jefferson County, KY-IN Metro Area"
31140,18,43,"Louisville/Jefferson County, KY-IN Metro Area"
31140,21,223,"Louisville/Jefferson County, KY-IN Metro Area"
31140,21,179,"Louisville/Jefferson County, KY-IN Metro Area"
31140,21,215,"Louisville/Jefferson County, KY-IN Metro Area"
31140,18,175,"Louisville/Jefferson County, KY-IN Metro Area"
31140,21,163,"Louisville/Jefferson County, KY-IN Metro Area"
31180,48,303,"Lubbock, TX Metro Area"
31180,48,107,"Lubbock, TX Metro Area"
31260,48,5,"Lufkin, TX Micro Area"
31300,37,155,"Lumberton, NC Micro Area"
31340,51,680,"Lynchburg, VA Metro Area"
31340,51,515,"Lynchburg, VA Metro Area"
31340,51,9,"Lynchburg, VA Metro Area"
31340,51,19,"Lynchburg, VA Metro Area"
31340,51,11,"Lynchburg, VA Metro Area"
31340,51,31,"Lynchburg, VA Metro Area"
31380,17,109,"Macomb, IL Micro Area"
31420,13,289,"Macon, GA Metro Area"
31420,13,207,"Macon, GA Metro Area"
31420,13,169,"Macon, GA Metro Area"
31420,13,79,"Macon, GA Metro Area"
31420,13,21,"Macon, GA Metro Area"
31460,6,39,"Madera-Chowchilla, CA Metro Area"
31500,18,77,"Madison, IN Micro Area"
31540,55,49,"Madison, WI Metro Area"
31540,55,25,"Madison, WI Metro Area"
31540,55,21,"Madison, WI Metro Area"
31580,21,107,"Madisonville, KY Micro Area"
31620,5,27,"Magnolia, AR Micro Area"
31660,36,33,"Malone, NY Micro Area"
31700,33,11,"Manchester-Nashua, NH Metro Area"
31740,20,161,"Manhattan, KS Metro Area"
31740,20,61,"Manhattan, KS Metro Area"
31740,20,149,"Manhattan, KS Metro Area"
31820,55,71,"Manitowoc, WI Micro Area"
31860,27,103,"Mankato-North Mankato, MN Metro Area"
31860,27,13,"Mankato-North Mankato, MN Metro Area"
31900,39,139,"Mansfield, OH Metro Area"
31920,48,53,"Marble Falls, TX Micro Area"
31940,55,75,"Marinette, WI-MI Micro Area"
31940,26,109,"Marinette, WI-MI Micro Area"
31980,18,53,"Marion, IN Micro Area"
32020,39,101,"Marion, OH Micro Area"
32060,17,199,"Marion-Herrin, IL Micro Area"
32100,26,103,"Marquette, MI Micro Area"
32140,27,83,"Marshall, MN Micro Area"
32180,29,195,"Marshall, MO Micro Area"
32220,48,203,"Marshall, TX Micro Area"
32260,19,127,"Marshalltown, IA Micro Area"
32270,55,141,"Marshfield-Wisconsin Rapids, WI Micro Area"
32280,47,183,"Martin, TN Micro Area"
32300,51,89,"Martinsville, VA Micro Area"
32300,51,690,"Martinsville, VA Micro Area"
32340,29,147,"Maryville, MO Micro Area"
32380,19,195,"Mason City, IA Micro Area"
32380,19,33,"Mason City, IA Micro Area"
32460,21,83,"Mayfield, KY Micro Area"
32500,21,161,"Maysville, KY Micro Area"
32500,21,135,"Maysville, KY Micro Area"
32540,40,121,"McAlester, OK Micro Area"
32580,48,215,"McAllen-Edinburg-Mission, TX Metro Area"
32620,28,113,"McComb, MS Micro Area"
32620,28,5,"McComb, MS Micro Area"
32660,47,177,"McMinnville, TN Micro Area"
32700,20,113,"McPherson, KS Micro Area"
32740,42,39,"Meadville, PA Micro Area"
32780,41,29,"Medford, OR Metro Area"
32820,28,33,"Memphis, TN-MS-AR Metro Area"
32820,47,157,"Memphis, TN-MS-AR Metro Area"
32820,28,137,"Memphis, TN-MS-AR Metro Area"
32820,47,47,"Memphis, TN-MS-AR Metro Area"
32820,28,93,"Memphis, TN-MS-AR Metro Area"
32820,5,35,"Memphis, TN-MS-AR Metro Area"
32820,28,143,"Memphis, TN-MS-AR Metro Area"
32820,47,167,"Memphis, TN-MS-AR Metro Area"
32860,55,33,"Menomonie, WI Micro Area"
32900,6,47,"Merced, CA Metro Area"
32940,28,23,"Meridian, MS Micro Area"
32940,28,75,"Meridian, MS Micro Area"
32940,28,69,"Meridian, MS Micro Area"
32980,55,69,"Merrill, WI Micro Area"
33020,29,7,"Mexico, MO Micro Area"
33060,40,115,"Miami, OK Micro Area"
33100,12,86,"Miami-Fort Lauderdale-Pompano Beach, FL Metro Area"
33100,12,99,"Miami-Fort Lauderdale-Pompano Beach, FL Metro Area"
33100,12,11,"Miami-Fort Lauderdale-Pompano Beach, FL Metro Area"
33140,18,91,"Michigan City-La Porte, IN Metro Area"
33180,21,13,"Middlesborough, KY Micro Area"
33220,26,111,"Midland, MI Micro Area"
33260,48,329,"Midland, TX Metro Area"
33300,13,141,"Milledgeville, GA Micro Area"
33300,13,9,"Milledgeville, GA Micro Area"
33340,55,89,"Milwaukee-Waukesha-West Allis, WI Metro Area"
33340,55,133,"Milwaukee-Waukesha-West Allis, WI Metro Area"
33340,55,131,"Milwaukee-Waukesha-West Allis, WI Metro Area"
33340,55,79,"Milwaukee-Waukesha-West Allis, WI Metro Area"
33380,22,119,"Minden, LA Micro Area"
33420,48,363,"Mineral Wells, TX Micro Area"
33460,27,3,"Minneapolis-St. Paul-Bloomington, MN-WI Metro Area"
33460,27,139,"Minneapolis-St. Paul-Bloomington, MN-WI Metro Area"
33460,27,171,"Minneapolis-St. Paul-Bloomington, MN-WI Metro Area"
33460,27,37,"Minneapolis-St. Paul-Bloomington, MN-WI Metro Area"
33460,55,109,"Minneapolis-St. Paul-Bloomington, MN-WI Metro Area"
33460,55,93,"Minneapolis-St. Paul-Bloomington, MN-WI Metro Area"
33460,27,141,"Minneapolis-St. Paul-Bloomington, MN-WI Metro Area"
33460,27,59,"Minneapolis-St. Paul-Bloomington, MN-WI Metro Area"
33460,27,163,"Minneapolis-St. Paul-Bloomington, MN-WI Metro Area"
33460,27,53,"Minneapolis-St. Paul-Bloomington, MN-WI Metro Area"
33460,27,123,"Minneapolis-St. Paul-Bloomington, MN-WI Metro Area"
33460,27,19,"Minneapolis-St. Paul-Bloomington, MN-WI Metro Area"
33460,27,25,"Minneapolis-St. Paul-Bloomington, MN-WI Metro Area"
33500,38,49,"Minot, ND Micro Area"
33500,38,101,"Minot, ND Micro Area"
33500,38,75,"Minot, ND Micro Area"
33540,30,63,"Missoula, MT Metro Area"
33580,46,61,"Mitchell, SD Micro Area"
33580,46,35,"Mitchell, SD Micro Area"
33620,29,175,"Moberly, MO Micro Area"
33660,1,97,"Mobile, AL Metro Area"
33700,6,99,"Modesto, CA Metro Area"
33740,22,73,"Monroe, LA Metro Area"
33740,22,111,"Monroe, LA Metro Area"
33780,26,115,"Monroe, MI Metro Area"
33820,55,45,"Monroe, WI Micro Area"
33860,1,1,"Montgomery, AL Metro Area"
33860,1,51,"Montgomery, AL Metro Area"
33860,1,85,"Montgomery, AL Metro Area"
33860,1,101,"Montgomery, AL Metro Area"
33940,8,85,"Montrose, CO Micro Area"
33980,37,31,"Morehead City, NC Micro Area"
34020,22,101,"Morgan City, LA Micro Area"
34060,54,77,"Morgantown, WV Metro Area"
34060,54,61,"Morgantown, WV Metro Area"
34100,47,57,"Morristown, TN Metro Area"
34100,47,63,"Morristown, TN Metro Area"
34100,47,89,"Morristown, TN Metro Area"
34140,16,57,"Moscow, ID Micro Area"
34180,53,25,"Moses Lake, WA Micro Area"
34220,13,71,"Moultrie, GA Micro Area"
34260,5,5,"Mountain Home, AR Micro Area"
34300,16,39,"Mountain Home, ID Micro Area"
34340,37,171,"Mount Airy, NC Micro Area"
34380,26,73,"Mount Pleasant, MI Micro Area"
34420,48,449,"Mount Pleasant, TX Micro Area"
34460,21,11,"Mount Sterling, KY Micro Area"
34460,21,173,"Mount Sterling, KY Micro Area"
34460,21,165,"Mount Sterling, KY Micro Area"
34500,17,81,"Mount Vernon, IL Micro Area"
34500,17,65,"Mount Vernon, IL Micro Area"
34540,39,83,"Mount Vernon, OH Micro Area"
34580,53,57,"Mount Vernon-Anacortes, WA Metro Area"
34620,18,35,"Muncie, IN Metro Area"
34660,21,35,"Murray, KY Micro Area"
34700,19,139,"Muscatine, IA Micro Area"
34700,19,115,"Muscatine, IA Micro Area"
34740,26,121,"Muskegon-Norton Shores, MI Metro Area"
34780,40,101,"Muskogee, OK Micro Area"
34820,45,51,"Myrtle Beach-North Myrtle Beach-Conway, SC Metro Area"
34860,48,347,"Nacogdoches, TX Micro Area"
34900,6,55,"Napa, CA Metro Area"
34940,12,21,"Naples-Marco Island, FL Metro Area"
34980,47,15,"Nashville-Davidson--Murfreesboro--Franklin, TN Metro Area"
34980,47,169,"Nashville-Davidson--Murfreesboro--Franklin, TN Metro Area"
34980,47,37,"Nashville-Davidson--Murfreesboro--Franklin, TN Metro Area"
34980,47,165,"Nashville-Davidson--Murfreesboro--Franklin, TN Metro Area"
34980,47,159,"Nashville-Davidson--Murfreesboro--Franklin, TN Metro Area"
34980,47,21,"Nashville-Davidson--Murfreesboro--Franklin, TN Metro Area"
34980,47,43,"Nashville-Davidson--Murfreesboro--Franklin, TN Metro Area"
34980,47,147,"Nashville-Davidson--Murfreesboro--Franklin, TN Metro Area"
34980,47,189,"Nashville-Davidson--Murfreesboro--Franklin, TN Metro Area"
34980,47,81,"Nashville-Davidson--Murfreesboro--Franklin, TN Metro Area"
34980,47,111,"Nashville-Davidson--Murfreesboro--Franklin, TN Metro Area"
34980,47,149,"Nashville-Davidson--Murfreesboro--Franklin, TN Metro Area"
34980,47,187,"Nashville-Davidson--Murfreesboro--Franklin, TN Metro Area"
35020,22,29,"Natchez, MS-LA Micro Area"
35020,28,1,"Natchez, MS-LA Micro Area"
35060,22,69,"Natchitoches, LA Micro Area"
35100,37,103,"New Bern, NC Micro Area"
35100,37,137,"New Bern, NC Micro Area"
35100,37,49,"New Bern, NC Micro Area"
35140,45,71,"Newberry, SC Micro Area"
35220,18,65,"New Castle, IN Micro Area"
35260,42,73,"New Castle, PA Micro Area"
35300,9,9,"New Haven-Milford, CT Metro Area"
35340,22,45,"New Iberia, LA Micro Area"
35380,22,51,"New Orleans-Metairie-Kenner, LA Metro Area"
35380,22,95,"New Orleans-Metairie-Kenner, LA Metro Area"
35380,22,71,"New Orleans-Metairie-Kenner, LA Metro Area"
35380,22,89,"New Orleans-Metairie-Kenner, LA Metro Area"
35380,22,87,"New Orleans-Metairie-Kenner, LA Metro Area"
35380,22,75,"New Orleans-Metairie-Kenner, LA Metro Area"
35380,22,103,"New Orleans-Metairie-Kenner, LA Metro Area"
35420,39,157,"New Philadelphia-Dover, OH Micro Area"
35460,47,29,"Newport, TN Micro Area"
35500,19,99,"Newton, IA Micro Area"
35580,27,15,"New Ulm, MN Micro Area"
35620,34,39,"New York-Northern New Jersey-Long Island, NY-NJ-PA Metro Area"
35620,36,81,"New York-Northern New Jersey-Long Island, NY-NJ-PA Metro Area"
35620,36,61,"New York-Northern New Jersey-Long Island, NY-NJ-PA Metro Area"
35620,36,103,"New York-Northern New Jersey-Long Island, NY-NJ-PA Metro Area"
35620,36,79,"New York-Northern New Jersey-Long Island, NY-NJ-PA Metro Area"
35620,34,13,"New York-Northern New Jersey-Long Island, NY-NJ-PA Metro Area"
35620,34,29,"New York-Northern New Jersey-Long Island, NY-NJ-PA Metro Area"
35620,36,85,"New York-Northern New Jersey-Long Island, NY-NJ-PA Metro Area"
35620,34,19,"New York-Northern New Jersey-Long Island, NY-NJ-PA Metro Area"
35620,34,25,"New York-Northern New Jersey-Long Island, NY-NJ-PA Metro Area"
35620,36,87,"New York-Northern New Jersey-Long Island, NY-NJ-PA Metro Area"
35620,36,59,"New York-Northern New Jersey-Long Island, NY-NJ-PA Metro Area"
35620,36,5,"New York-Northern New Jersey-Long Island, NY-NJ-PA Metro Area"
35620,34,23,"New York-Northern New Jersey-Long Island, NY-NJ-PA Metro Area"
35620,36,119,"New York-Northern New Jersey-Long Island, NY-NJ-PA Metro Area"
35620,34,17,"New York-Northern New Jersey-Long Island, NY-NJ-PA Metro Area"
35620,36,47,"New York-Northern New Jersey-Long Island, NY-NJ-PA Metro Area"
35620,34,31,"New York-Northern New Jersey-Long Island, NY-NJ-PA Metro Area"
35620,42,103,"New York-Northern New Jersey-Long Island, NY-NJ-PA Metro Area"
35620,34,27,"New York-Northern New Jersey-Long Island, NY-NJ-PA Metro Area"
35620,34,35,"New York-Northern New Jersey-Long Island, NY-NJ-PA Metro Area"
35620,34,3,"New York-Northern New Jersey-Long Island, NY-NJ-PA Metro Area"
35620,34,37,"New York-Northern New Jersey-Long Island, NY-NJ-PA Metro Area"
35660,26,21,"Niles-Benton Harbor, MI Metro Area"
35700,4,23,"Nogales, AZ Micro Area"
35740,31,167,"Norfolk, NE Micro Area"
35740,31,119,"Norfolk, NE Micro Area"
35740,31,139,"Norfolk, NE Micro Area"
35820,31,113,"North Platte, NE Micro Area"
35820,31,111,"North Platte, NE Micro Area"
35820,31,117,"North Platte, NE Micro Area"
35840,12,115,"North Port-Bradenton-Sarasota, FL Metro Area"
35840,12,81,"North Port-Bradenton-Sarasota, FL Metro Area"
35860,18,79,"North Vernon, IN Micro Area"
35900,37,193,"North Wilkesboro, NC Micro Area"
35940,39,77,"Norwalk, OH Micro Area"
35980,9,11,"Norwich-New London, CT Metro Area"
36020,53,29,"Oak Harbor, WA Micro Area"
36060,54,19,"Oak Hill, WV Micro Area"
36100,12,83,"Ocala, FL Metro Area"
36140,34,9,"Ocean City, NJ Metro Area"
36180,24,47,"Ocean Pines, MD Micro Area"
36220,48,135,"Odessa, TX Metro Area"
36260,49,11,"Ogden-Clearfield, UT Metro Area"
36260,49,29,"Ogden-Clearfield, UT Metro Area"
36260,49,57,"Ogden-Clearfield, UT Metro Area"
36300,36,89,"Ogdensburg-Massena, NY Micro Area"
36340,42,121,"Oil City, PA Micro Area"
36380,12,93,"Okeechobee, FL Micro Area"
36420,40,87,"Oklahoma City, OK Metro Area"
36420,40,109,"Oklahoma City, OK Metro Area"
36420,40,51,"Oklahoma City, OK Metro Area"
36420,40,17,"Oklahoma City, OK Metro Area"
36420,40,27,"Oklahoma City, OK Metro Area"
36420,40,81,"Oklahoma City, OK Metro Area"
36420,40,83,"Oklahoma City, OK Metro Area"
36460,36,9,"Olean, NY Micro Area"
36500,53,67,"Olympia, WA Metro Area"
36540,19,129,"Omaha-Council Bluffs, NE-IA Metro Area"
36540,19,85,"Omaha-Council Bluffs, NE-IA Metro Area"
36540,31,25,"Omaha-Council Bluffs, NE-IA Metro Area"
36540,31,153,"Omaha-Council Bluffs, NE-IA Metro Area"
36540,31,177,"Omaha-Council Bluffs, NE-IA Metro Area"
36540,19,155,"Omaha-Council Bluffs, NE-IA Metro Area"
36540,31,55,"Omaha-Council Bluffs, NE-IA Metro Area"
36540,31,155,"Omaha-Council Bluffs, NE-IA Metro Area"
36580,36,77,"Oneonta, NY Micro Area"
36620,41,45,"Ontario, OR-ID Micro Area"
36620,16,75,"Ontario, OR-ID Micro Area"
36660,22,97,"Opelousas-Eunice, LA Micro Area"
36700,45,75,"Orangeburg, SC Micro Area"
36740,12,69,"Orlando-Kissimmee-Sanford, FL Metro Area"
36740,12,97,"Orlando-Kissimmee-Sanford, FL Metro Area"
36740,12,95,"Orlando-Kissimmee-Sanford, FL Metro Area"
36740,12,117,"Orlando-Kissimmee-Sanford, FL Metro Area"
36780,55,139,"Oshkosh-Neenah, WI Metro Area"
36820,19,123,"Oskaloosa, IA Micro Area"
36860,17,155,"Ottawa-Streator, IL Micro Area"
36860,17,11,"Ottawa-Streator, IL Micro Area"
36860,17,99,"Ottawa-Streator, IL Micro Area"
36900,19,179,"Ottumwa, IA Micro Area"
36940,27,147,"Owatonna, MN Micro Area"
36980,21,59,"Owensboro, KY Metro Area"
36980,21,149,"Owensboro, KY Metro Area"
36980,21,91,"Owensboro, KY Metro Area"
37020,26,155,"Owosso, MI Micro Area"
37060,28,71,"Oxford, MS Micro Area"
37100,6,111,"Oxnard-Thousand Oaks-Ventura, CA Metro Area"
37140,21,139,"Paducah, KY-IL Micro Area"
37140,21,145,"Paducah, KY-IL Micro Area"
37140,17,127,"Paducah, KY-IL Micro Area"
37140,21,7,"Paducah, KY-IL Micro Area"
37220,32,23,"Pahrump, NV Micro Area"
37260,12,107,"Palatka, FL Micro Area"
37300,48,1,"Palestine, TX Micro Area"
37340,12,9,"Palm Bay-Melbourne-Titusville, FL Metro Area"
37380,12,35,"Palm Coast, FL Metro Area"
37420,48,393,"Pampa, TX Micro Area"
37420,48,179,"Pampa, TX Micro Area"
37460,12,5,"Panama City-Lynn Haven-Panama City Beach, FL Metro Area"
37500,5,55,"Paragould, AR Micro Area"
37540,47,79,"Paris, TN Micro Area"
37580,48,277,"Paris, TX Micro Area"
37620,54,107,"Parkersburg-Marietta-Vienna, WV-OH Metro Area"
37620,54,105,"Parkersburg-Marietta-Vienna, WV-OH Metro Area"
37620,54,73,"Parkersburg-Marietta-Vienna, WV-OH Metro Area"
37620,39,167,"Parkersburg-Marietta-Vienna, WV-OH Metro Area"
37660,20,99,"Parsons, KS Micro Area"
37700,28,59,"Pascagoula, MS Metro Area"
37700,28,39,"Pascagoula, MS Metro Area"
37740,4,7,"Payson, AZ Micro Area"
37780,48,389,"Pecos, TX Micro Area"
37800,19,125,"Pella, IA Micro Area"
37820,41,49,"Pendleton-Hermiston, OR Micro Area"
37820,41,59,"Pendleton-Hermiston, OR Micro Area"
37860,12,33,"Pensacola-Ferry Pass-Brent, FL Metro Area"
37860,12,113,"Pensacola-Ferry Pass-Brent, FL Metro Area"
37900,17,179,"Peoria, IL Metro Area"
37900,17,175,"Peoria, IL Metro Area"
37900,17,123,"Peoria, IL Metro Area"
37900,17,143,"Peoria, IL Metro Area"
37900,17,203,"Peoria, IL Metro Area"
37940,18,103,"Peru, IN Micro Area"
37980,34,33,"Philadelphia-Camden-Wilmington, PA-NJ-DE-MD Metro Area"
37980,34,5,"Philadelphia-Camden-Wilmington, PA-NJ-DE-MD Metro Area"
37980,42,17,"Philadelphia-Camden-Wilmington, PA-NJ-DE-MD Metro Area"
37980,34,7,"Philadelphia-Camden-Wilmington, PA-NJ-DE-MD Metro Area"
37980,42,45,"Philadelphia-Camden-Wilmington, PA-NJ-DE-MD Metro Area"
37980,42,29,"Philadelphia-Camden-Wilmington, PA-NJ-DE-MD Metro Area"
37980,42,101,"Philadelphia-Camden-Wilmington, PA-NJ-DE-MD Metro Area"
37980,42,91,"Philadelphia-Camden-Wilmington, PA-NJ-DE-MD Metro Area"
37980,10,3,"Philadelphia-Camden-Wilmington, PA-NJ-DE-MD Metro Area"
37980,34,15,"Philadelphia-Camden-Wilmington, PA-NJ-DE-MD Metro Area"
37980,24,15,"Philadelphia-Camden-Wilmington, PA-NJ-DE-MD Metro Area"
38020,6,109,"Phoenix Lake-Cedar Ridge, CA Micro Area"
38060,4,13,"Phoenix-Mesa-Glendale, AZ Metro Area"
38060,4,21,"Phoenix-Mesa-Glendale, AZ Metro Area"
38100,28,109,"Picayune, MS Micro Area"
38180,46,117,"Pierre, SD Micro Area"
38180,46,65,"Pierre, SD Micro Area"
38200,22,7,"Pierre Part, LA Micro Area"
38220,5,79,"Pine Bluff, AR Metro Area"
38220,5,25,"Pine Bluff, AR Metro Area"
38220,5,69,"Pine Bluff, AR Metro Area"
38260,20,37,"Pittsburg, KS Micro Area"
38300,42,5,"Pittsburgh, PA Metro Area"
38300,42,7,"Pittsburgh, PA Metro Area"
38300,42,19,"Pittsburgh, PA Metro Area"
38300,42,3,"Pittsburgh, PA Metro Area"
38300,42,129,"Pittsburgh, PA Metro Area"
38300,42,51,"Pittsburgh, PA Metro Area"
38300,42,125,"Pittsburgh, PA Metro Area"
38340,25,3,"Pittsfield, MA Metro Area"
38380,48,189,"Plainview, TX Micro Area"
38420,55,43,"Platteville, WI Micro Area"
38460,36,19,"Plattsburgh, NY Micro Area"
38500,18,99,"Plymouth, IN Micro Area"
38540,16,77,"Pocatello, ID Metro Area"
38540,16,5,"Pocatello, ID Metro Area"
38580,54,53,"Point Pleasant, WV-OH Micro Area"
38580,39,53,"Point Pleasant, WV-OH Micro Area"
38620,40,71,"Ponca City, OK Micro Area"
38700,17,105,"Pontiac, IL Micro Area"
38740,29,23,"Poplar Bluff, MO Micro Area"
38780,35,41,"Portales, NM Micro Area"
38820,53,9,"Port Angeles, WA Micro Area"
38860,23,5,"Portland-South Portland-Biddeford, ME Metro Area"
38860,23,31,"Portland-South Portland-Biddeford, ME Metro Area"
38860,23,23,"Portland-South Portland-Biddeford, ME Metro Area"
38900,41,51,"Portland-Vancouver-Hillsboro, OR-WA Metro Area"
38900,41,71,"Portland-Vancouver-Hillsboro, OR-WA Metro Area"
38900,53,11,"Portland-Vancouver-Hillsboro, OR-WA Metro Area"
38900,53,59,"Portland-Vancouver-Hillsboro, OR-WA Metro Area"
38900,41,67,"Portland-Vancouver-Hillsboro, OR-WA Metro Area"
38900,41,5,"Portland-Vancouver-Hillsboro, OR-WA Metro Area"
38900,41,9,"Portland-Vancouver-Hillsboro, OR-WA Metro Area"
38940,12,85,"Port St. Lucie, FL Metro Area"
38940,12,111,"Port St. Lucie, FL Metro Area"
39020,39,145,"Portsmouth, OH Micro Area"
39060,42,107,"Pottsville, PA Micro Area"
39100,36,71,"Poughkeepsie-Newburgh-Middletown, NY Metro Area"
39100,36,27,"Poughkeepsie-Newburgh-Middletown, NY Metro Area"
39140,4,25,"Prescott, AZ Metro Area"
39220,49,7,"Price, UT Micro Area"
39260,41,13,"Prineville, OR Micro Area"
39300,25,5,"Providence-New Bedford-Fall River, RI-MA Metro Area"
39300,44,5,"Providence-New Bedford-Fall River, RI-MA Metro Area"
39300,44,3,"Providence-New Bedford-Fall River, RI-MA Metro Area"
39300,44,1,"Providence-New Bedford-Fall River, RI-MA Metro Area"
39300,44,7,"Providence-New Bedford-Fall River, RI-MA Metro Area"
39300,44,9,"Providence-New Bedford-Fall River, RI-MA Metro Area"
39340,49,23,"Provo-Orem, UT Metro Area"
39340,49,49,"Provo-Orem, UT Metro Area"
39380,8,101,"Pueblo, CO Metro Area"
39420,53,75,"Pullman, WA Micro Area"
39460,12,15,"Punta Gorda, FL Metro Area"
39500,17,1,"Quincy, IL-MO Micro Area"
39500,29,111,"Quincy, IL-MO Micro Area"
39540,55,101,"Racine, WI Metro Area"
39580,37,69,"Raleigh-Cary, NC Metro Area"
39580,37,101,"Raleigh-Cary, NC Metro Area"
39580,37,183,"Raleigh-Cary, NC Metro Area"
39660,46,93,"Rapid City, SD Metro Area"
39660,46,103,"Rapid City, SD Metro Area"
39700,48,489,"Raymondville, TX Micro Area"
39740,42,11,"Reading, PA Metro Area"
39780,6,103,"Red Bluff, CA Micro Area"
39820,6,89,"Redding, CA Metro Area"
39860,27,49,"Red Wing, MN Micro Area"
39900,32,31,"Reno-Sparks, NV Metro Area"
39900,32,29,"Reno-Sparks, NV Metro Area"
39940,16,43,"Rexburg, ID Micro Area"
39940,16,65,"Rexburg, ID Micro Area"
39980,18,177,"Richmond, IN Micro Area"
40060,51,97,"Richmond, VA Metro Area"
40060,51,149,"Richmond, VA Metro Area"
40060,51,760,"Richmond, VA Metro Area"
40060,51,730,"Richmond, VA Metro Area"
40060,51,101,"Richmond, VA Metro Area"
40060,51,570,"Richmond, VA Metro Area"
40060,51,183,"Richmond, VA Metro Area"
40060,51,145,"Richmond, VA Metro Area"
40060,51,85,"Richmond, VA Metro Area"
40060,51,127,"Richmond, VA Metro Area"
40060,51,109,"Richmond, VA Metro Area"
40060,51,36,"Richmond, VA Metro Area"
40060,51,75,"Richmond, VA Metro Area"
40060,51,41,"Richmond, VA Metro Area"
40060,51,53,"Richmond, VA Metro Area"
40060,51,7,"Richmond, VA Metro Area"
40060,51,87,"Richmond, VA Metro Area"
40060,51,33,"Richmond, VA Metro Area"
40060,51,49,"Richmond, VA Metro Area"
40060,51,670,"Richmond, VA Metro Area"
40080,21,203,"Richmond-Berea, KY Micro Area"
40080,21,151,"Richmond-Berea, KY Micro Area"
40100,48,427,"Rio Grande City-Roma, TX Micro Area"
40140,6,65,"Riverside-San Bernardino-Ontario, CA Metro Area"
40140,6,71,"Riverside-San Bernardino-Ontario, CA Metro Area"
40180,56,13,"Riverton, WY Micro Area"
40220,51,775,"Roanoke, VA Metro Area"
40220,51,67,"Roanoke, VA Metro Area"
40220,51,45,"Roanoke, VA Metro Area"
40220,51,161,"Roanoke, VA Metro Area"
40220,51,770,"Roanoke, VA Metro Area"
40220,51,23,"Roanoke, VA Metro Area"
40260,37,131,"Roanoke Rapids, NC Micro Area"
40260,37,83,"Roanoke Rapids, NC Micro Area"
40300,17,141,"Rochelle, IL Micro Area"
40340,27,39,"Rochester, MN Metro Area"
40340,27,157,"Rochester, MN Metro Area"
40340,27,109,"Rochester, MN Metro Area"
40380,36,51,"Rochester, NY Metro Area"
40380,36,73,"Rochester, NY Metro Area"
40380,36,55,"Rochester, NY Metro Area"
40380,36,69,"Rochester, NY Metro Area"
40380,36,117,"Rochester, NY Metro Area"
40420,17,201,"Rockford, IL Metro Area"
40420,17,7,"Rockford, IL Metro Area"
40460,37,153,"Rockingham, NC Micro Area"
40500,23,13,"Rockland, ME Micro Area"
40540,56,37,"Rock Springs, WY Micro Area"
40580,37,127,"Rocky Mount, NC Metro Area"
40580,37,65,"Rocky Mount, NC Metro Area"
40620,29,161,"Rolla, MO Micro Area"
40660,13,115,"Rome, GA Metro Area"
40700,41,19,"Roseburg, OR Micro Area"
40740,35,5,"Roswell, NM Micro Area"
40760,35,27,"Ruidoso, NM Micro Area"
40780,5,149,"Russellville, AR Micro Area"
40780,5,115,"Russellville, AR Micro Area"
40820,22,61,"Ruston, LA Micro Area"
40820,22,49,"Ruston, LA Micro Area"
40860,50,21,"Rutland, VT Micro Area"
40900,6,17,"Sacramento--Arden-Arcade--Roseville, CA Metro Area"
40900,6,61,"Sacramento--Arden-Arcade--Roseville, CA Metro Area"
40900,6,67,"Sacramento--Arden-Arcade--Roseville, CA Metro Area"
40900,6,113,"Sacramento--Arden-Arcade--Roseville, CA Metro Area"
40940,4,9,"Safford, AZ Micro Area"
40940,4,11,"Safford, AZ Micro Area"
40980,26,145,"Saginaw-Saginaw Township North, MI Metro Area"
41060,27,145,"St. Cloud, MN Metro Area"
41060,27,9,"St. Cloud, MN Metro Area"
41100,49,53,"St. George, UT Metro Area"
41140,20,43,"St. Joseph, MO-KS Metro Area"
41140,29,21,"St. Joseph, MO-KS Metro Area"
41140,29,63,"St. Joseph, MO-KS Metro Area"
41140,29,3,"St. Joseph, MO-KS Metro Area"
41180,29,113,"St. Louis, MO-IL Metro Area"
41180,29,189,"St. Louis, MO-IL Metro Area"
41180,17,27,"St. Louis, MO-IL Metro Area"
41180,17,13,"St. Louis, MO-IL Metro Area"
41180,17,117,"St. Louis, MO-IL Metro Area"
41180,17,83,"St. Louis, MO-IL Metro Area"
41180,29,510,"St. Louis, MO-IL Metro Area"
41180,29,219,"St. Louis, MO-IL Metro Area"
41180,29,183,"St. Louis, MO-IL Metro Area"
41180,17,163,"St. Louis, MO-IL Metro Area"
41180,29,99,"St. Louis, MO-IL Metro Area"
41180,17,5,"St. Louis, MO-IL Metro Area"
41180,29,71,"St. Louis, MO-IL Metro Area"
41180,17,119,"St. Louis, MO-IL Metro Area"
41180,29,221,"St. Louis, MO-IL Metro Area"
41180,17,133,"St. Louis, MO-IL Metro Area"
41220,13,39,"St. Marys, GA Micro Area"
41260,42,47,"St. Marys, PA Micro Area"
41420,41,53,"Salem, OR Metro Area"
41420,41,47,"Salem, OR Metro Area"
41460,20,169,"Salina, KS Micro Area"
41460,20,143,"Salina, KS Micro Area"
41500,6,53,"Salinas, CA Metro Area"
41540,24,39,"Salisbury, MD Metro Area"
41540,24,45,"Salisbury, MD Metro Area"
41580,37,159,"Salisbury, NC Micro Area"
41620,49,35,"Salt Lake City, UT Metro Area"
41620,49,43,"Salt Lake City, UT Metro Area"
41620,49,45,"Salt Lake City, UT Metro Area"
41660,48,451,"San Angelo, TX Metro Area"
41660,48,235,"San Angelo, TX Metro Area"
41700,48,493,"San Antonio-New Braunfels, TX Metro Area"
41700,48,19,"San Antonio-New Braunfels, TX Metro Area"
41700,48,29,"San Antonio-New Braunfels, TX Metro Area"
41700,48,259,"San Antonio-New Braunfels, TX Metro Area"
41700,48,91,"San Antonio-New Braunfels, TX Metro Area"
41700,48,187,"San Antonio-New Braunfels, TX Metro Area"
41700,48,13,"San Antonio-New Braunfels, TX Metro Area"
41700,48,325,"San Antonio-New Braunfels, TX Metro Area"
41740,6,73,"San Diego-Carlsbad-San Marcos, CA Metro Area"
41780,39,43,"Sandusky, OH Metro Area"
41820,37,105,"Sanford, NC Micro Area"
41860,6,1,"San Francisco-Oakland-Fremont, CA Metro Area"
41860,6,75,"San Francisco-Oakland-Fremont, CA Metro Area"
41860,6,13,"San Francisco-Oakland-Fremont, CA Metro Area"
41860,6,41,"San Francisco-Oakland-Fremont, CA Metro Area"
41860,6,81,"San Francisco-Oakland-Fremont, CA Metro Area"
41940,6,85,"San Jose-Sunnyvale-Santa Clara, CA Metro Area"
41940,6,69,"San Jose-Sunnyvale-Santa Clara, CA Metro Area"
42020,6,79,"San Luis Obispo-Paso Robles, CA Metro Area"
42060,6,83,"Santa Barbara-Santa Maria-Goleta, CA Metro Area"
42100,6,87,"Santa Cruz-Watsonville, CA Metro Area"
42140,35,49,"Santa Fe, NM Metro Area"
42220,6,97,"Santa Rosa-Petaluma, CA Metro Area"
42300,26,33,"Sault Ste. Marie, MI Micro Area"
42340,13,29,"Savannah, GA Metro Area"
42340,13,51,"Savannah, GA Metro Area"
42340,13,103,"Savannah, GA Metro Area"
42380,42,15,"Sayre, PA Micro Area"
42420,31,157,"Scottsbluff, NE Micro Area"
42420,31,7,"Scottsbluff, NE Micro Area"
42460,1,71,"Scottsboro, AL Micro Area"
42500,18,143,"Scottsburg, IN Micro Area"
42540,42,69,"Scranton--Wilkes-Barre, PA Metro Area"
42540,42,131,"Scranton--Wilkes-Barre, PA Metro Area"
42540,42,79,"Scranton--Wilkes-Barre, PA Metro Area"
42580,10,5,"Seaford, DE Micro Area"
42620,5,145,"Searcy, AR Micro Area"
42660,53,61,"Seattle-Tacoma-Bellevue, WA Metro Area"
42660,53,33,"Seattle-Tacoma-Bellevue, WA Metro Area"
42660,53,53,"Seattle-Tacoma-Bellevue, WA Metro Area"
42680,12,61,"Sebastian-Vero Beach, FL Metro Area"
42700,12,55,"Sebring, FL Micro Area"
42740,29,159,"Sedalia, MO Micro Area"
42780,42,109,"Selinsgrove, PA Micro Area"
42820,1,47,"Selma, AL Micro Area"
42860,45,73,"Seneca, SC Micro Area"
42900,36,99,"Seneca Falls, NY Micro Area"
42940,47,155,"Sevierville, TN Micro Area"
42980,18,71,"Seymour, IN Micro Area"
43060,40,125,"Shawnee, OK Micro Area"
43100,55,117,"Sheboygan, WI Metro Area"
43140,37,45,"Shelby, NC Micro Area"
43180,47,3,"Shelbyville, TN Micro Area"
43220,53,45,"Shelton, WA Micro Area"
43260,56,33,"Sheridan, WY Micro Area"
43300,48,181,"Sherman-Denison, TX Metro Area"
43320,4,17,"Show Low, AZ Micro Area"
43340,22,17,"Shreveport-Bossier City, LA Metro Area"
43340,22,15,"Shreveport-Bossier City, LA Metro Area"
43340,22,31,"Shreveport-Bossier City, LA Metro Area"
43380,39,149,"Sidney, OH Micro Area"
43420,4,3,"Sierra Vista-Douglas, AZ Micro Area"
43460,29,201,"Sikeston, MO Micro Area"
43500,35,17,"Silver City, NM Micro Area"
43540,8,117,"Silverthorne, CO Micro Area"
43580,31,51,"Sioux City, IA-NE-SD Metro Area"
43580,31,43,"Sioux City, IA-NE-SD Metro Area"
43580,46,127,"Sioux City, IA-NE-SD Metro Area"
43580,19,193,"Sioux City, IA-NE-SD Metro Area"
43620,46,125,"Sioux Falls, SD Metro Area"
43620,46,87,"Sioux Falls, SD Metro Area"
43620,46,99,"Sioux Falls, SD Metro Area"
43620,46,83,"Sioux Falls, SD Metro Area"
43660,48,415,"Snyder, TX Micro Area"
43700,21,199,"Somerset, KY Micro Area"
43740,42,111,"Somerset, PA Micro Area"
43780,18,141,"South Bend-Mishawaka, IN-MI Metro Area"
43780,26,27,"South Bend-Mishawaka, IN-MI Metro Area"
43860,37,125,"Southern Pines-Pinehurst, NC Micro Area"
43900,45,83,"Spartanburg, SC Metro Area"
43940,46,81,"Spearfish, SD Micro Area"
43980,19,41,"Spencer, IA Micro Area"
44020,19,59,"Spirit Lake, IA Micro Area"
44060,53,63,"Spokane, WA Metro Area"
44100,17,167,"Springfield, IL Metro Area"
44100,17,129,"Springfield, IL Metro Area"
44140,25,13,"Springfield, MA Metro Area"
44140,25,15,"Springfield, MA Metro Area"
44140,25,11,"Springfield, MA Metro Area"
44180,29,43,"Springfield, MO Metro Area"
44180,29,225,"Springfield, MO Metro Area"
44180,29,167,"Springfield, MO Metro Area"
44180,29,59,"Springfield, MO Metro Area"
44180,29,77,"Springfield, MO Metro Area"
44220,39,23,"Springfield, OH Metro Area"
44260,28,105,"Starkville, MS Micro Area"
44300,42,27,"State College, PA Metro Area"
44340,13,31,"Statesboro, GA Micro Area"
44380,37,97,"Statesville-Mooresville, NC Micro Area"
44420,51,820,"Staunton-Waynesboro, VA Micro Area"
44420,51,15,"Staunton-Waynesboro, VA Micro Area"
44420,51,790,"Staunton-Waynesboro, VA Micro Area"
44500,48,143,"Stephenville, TX Micro Area"
44540,8,75,"Sterling, CO Micro Area"
44580,17,195,"Sterling, IL Micro Area"
44600,39,81,"Steubenville-Weirton, OH-WV Metro Area"
44600,54,9,"Steubenville-Weirton, OH-WV Metro Area"
44600,54,29,"Steubenville-Weirton, OH-WV Metro Area"
44620,55,97,"Stevens Point, WI Micro Area"
44660,40,119,"Stillwater, OK Micro Area"
44700,6,77,"Stockton, CA Metro Area"
44740,19,21,"Storm Lake, IA Micro Area"
44780,26,149,"Sturgis, MI Micro Area"
44860,48,223,"Sulphur Springs, TX Micro Area"
44900,13,55,"Summerville, GA Micro Area"
44940,45,85,"Sumter, SC Metro Area"
44980,42,97,"Sunbury, PA Micro Area"
45000,6,35,"Susanville, CA Micro Area"
45020,48,353,"Sweetwater, TX Micro Area"
45060,36,75,"Syracuse, NY Metro Area"
45060,36,53,"Syracuse, NY Metro Area"
45060,36,67,"Syracuse, NY Metro Area"
45140,40,21,"Tahlequah, OK Micro Area"
45180,1,121,"Talladega-Sylacauga, AL Micro Area"
45220,12,129,"Tallahassee, FL Metro Area"
45220,12,65,"Tallahassee, FL Metro Area"
45220,12,39,"Tallahassee, FL Metro Area"
45220,12,73,"Tallahassee, FL Metro Area"
45260,22,65,"Tallulah, LA Micro Area"
45300,12,57,"Tampa-St. Petersburg-Clearwater, FL Metro Area"
45300,12,103,"Tampa-St. Petersburg-Clearwater, FL Metro Area"
45300,12,53,"Tampa-St. Petersburg-Clearwater, FL Metro Area"
45300,12,101,"Tampa-St. Petersburg-Clearwater, FL Metro Area"
45340,35,55,"Taos, NM Micro Area"
45380,17,21,"Taylorville, IL Micro Area"
45460,18,153,"Terre Haute, IN Metro Area"
45460,18,21,"Terre Haute, IN Metro Area"
45460,18,165,"Terre Haute, IN Metro Area"
45460,18,167,"Terre Haute, IN Metro Area"
45500,5,91,"Texarkana, TX-Texarkana, AR Metro Area"
45500,48,37,"Texarkana, TX-Texarkana, AR Metro Area"
45520,41,65,"The Dalles, OR Micro Area"
45540,12,119,"The Villages, FL Micro Area"
45580,13,293,"Thomaston, GA Micro Area"
45620,13,275,"Thomasville, GA Micro Area"
45640,37,57,"Thomasville-Lexington, NC Micro Area"
45660,39,147,"Tiffin, OH Micro Area"
45700,13,277,"Tifton, GA Micro Area"
45740,13,257,"Toccoa, GA Micro Area"
45780,39,51,"Toledo, OH Metro Area"
45780,39,95,"Toledo, OH Metro Area"
45780,39,123,"Toledo, OH Metro Area"
45780,39,173,"Toledo, OH Metro Area"
45820,20,197,"Topeka, KS Metro Area"
45820,20,87,"Topeka, KS Metro Area"
45820,20,85,"Topeka, KS Metro Area"
45820,20,139,"Topeka, KS Metro Area"
45820,20,177,"Topeka, KS Metro Area"
45860,9,5,"Torrington, CT Micro Area"
45900,26,79,"Traverse City, MI Micro Area"
45900,26,55,"Traverse City, MI Micro Area"
45900,26,89,"Traverse City, MI Micro Area"
45900,26,19,"Traverse City, MI Micro Area"
45940,34,21,"Trenton-Ewing, NJ Metro Area"
45980,1,109,"Troy, AL Micro Area"
46020,6,57,"Truckee-Grass Valley, CA Micro Area"
46060,4,19,"Tucson, AZ Metro Area"
46100,47,31,"Tullahoma, TN Micro Area"
46100,47,127,"Tullahoma, TN Micro Area"
46100,47,51,"Tullahoma, TN Micro Area"
46140,40,117,"Tulsa, OK Metro Area"
46140,40,143,"Tulsa, OK Metro Area"
46140,40,131,"Tulsa, OK Metro Area"
46140,40,145,"Tulsa, OK Metro Area"
46140,40,111,"Tulsa, OK Metro Area"
46140,40,37,"Tulsa, OK Metro Area"
46140,40,113,"Tulsa, OK Metro Area"
46180,28,115,"Tupelo, MS Micro Area"
46180,28,57,"Tupelo, MS Micro Area"
46180,28,81,"Tupelo, MS Micro Area"
46220,1,63,"Tuscaloosa, AL Metro Area"
46220,1,125,"Tuscaloosa, AL Metro Area"
46220,1,65,"Tuscaloosa, AL Metro Area"
46260,1,87,"Tuskegee, AL Micro Area"
46300,16,53,"Twin Falls, ID Micro Area"
46300,16,83,"Twin Falls, ID Micro Area"
46340,48,423,"Tyler, TX Metro Area"
46380,6,45,"Ukiah, CA Micro Area"
46420,45,87,"Union, SC Micro Area"
46460,21,75,"Union City, TN-KY Micro Area"
46460,47,131,"Union City, TN-KY Micro Area"
46500,39,21,"Urbana, OH Micro Area"
46540,36,43,"Utica-Rome, NY Metro Area"
46540,36,65,"Utica-Rome, NY Metro Area"
46620,48,463,"Uvalde, TX Micro Area"
46660,13,185,"Valdosta, GA Metro Area"
46660,13,101,"Valdosta, GA Metro Area"
46660,13,173,"Valdosta, GA Metro Area"
46660,13,27,"Valdosta, GA Metro Area"
46700,6,95,"Vallejo-Fairfield, CA Metro Area"
46740,1,17,"Valley, AL Micro Area"
46780,39,161,"Van Wert, OH Micro Area"
46820,46,27,"Vermillion, SD Micro Area"
46860,49,47,"Vernal, UT Micro Area"
46900,48,487,"Vernon, TX Micro Area"
46980,28,149,"Vicksburg, MS Micro Area"
47020,48,469,"Victoria, TX Metro Area"
47020,48,175,"Victoria, TX Metro Area"
47020,48,57,"Victoria, TX Metro Area"
47080,13,279,"Vidalia, GA Micro Area"
47080,13,209,"Vidalia, GA Micro Area"
47180,18,83,"Vincennes, IN Micro Area"
47220,34,11,"Vineland-Millville-Bridgeton, NJ Metro Area"
47260,51,199,"Virginia Beach-Norfolk-Newport News, VA-NC Metro Area"
47260,51,115,"Virginia Beach-Norfolk-Newport News, VA-NC Metro Area"
47260,51,73,"Virginia Beach-Norfolk-Newport News, VA-NC Metro Area"
47260,51,650,"Virginia Beach-Norfolk-Newport News, VA-NC Metro Area"
47260,51,810,"Virginia Beach-Norfolk-Newport News, VA-NC Metro Area"
47260,37,53,"Virginia Beach-Norfolk-Newport News, VA-NC Metro Area"
47260,51,735,"Virginia Beach-Norfolk-Newport News, VA-NC Metro Area"
47260,51,93,"Virginia Beach-Norfolk-Newport News, VA-NC Metro Area"
47260,51,550,"Virginia Beach-Norfolk-Newport News, VA-NC Metro Area"
47260,51,700,"Virginia Beach-Norfolk-Newport News, VA-NC Metro Area"
47260,51,181,"Virginia Beach-Norfolk-Newport News, VA-NC Metro Area"
47260,51,710,"Virginia Beach-Norfolk-Newport News, VA-NC Metro Area"
47260,51,740,"Virginia Beach-Norfolk-Newport News, VA-NC Metro Area"
47260,51,800,"Virginia Beach-Norfolk-Newport News, VA-NC Metro Area"
47260,51,95,"Virginia Beach-Norfolk-Newport News, VA-NC Metro Area"
47260,51,830,"Virginia Beach-Norfolk-Newport News, VA-NC Metro Area"
47300,6,107,"Visalia-Porterville, CA Metro Area"
47340,18,169,"Wabash, IN Micro Area"
47380,48,309,"Waco, TX Metro Area"
47420,27,167,"Wahpeton, ND-MN Micro Area"
47420,38,77,"Wahpeton, ND-MN Micro Area"
47460,53,71,"Walla Walla, WA Micro Area"
47500,45,29,"Walterboro, SC Micro Area"
47540,39,11,"Wapakoneta, OH Micro Area"
47580,13,153,"Warner Robins, GA Metro Area"
47620,42,123,"Warren, PA Micro Area"
47660,29,101,"Warrensburg, MO Micro Area"
47700,18,85,"Warsaw, IN Micro Area"
47780,18,27,"Washington, IN Micro Area"
47820,37,13,"Washington, NC Micro Area"
47900,51,177,"Washington-Arlington-Alexandria, DC-VA-MD-WV Metro Area"
47900,24,31,"Washington-Arlington-Alexandria, DC-VA-MD-WV Metro Area"
47900,51,179,"Washington-Arlington-Alexandria, DC-VA-MD-WV Metro Area"
47900,11,1,"Washington-Arlington-Alexandria, DC-VA-MD-WV Metro Area"
47900,51,600,"Washington-Arlington-Alexandria, DC-VA-MD-WV Metro Area"
47900,51,43,"Washington-Arlington-Alexandria, DC-VA-MD-WV Metro Area"
47900,51,153,"Washington-Arlington-Alexandria, DC-VA-MD-WV Metro Area"
47900,51,630,"Washington-Arlington-Alexandria, DC-VA-MD-WV Metro Area"
47900,24,33,"Washington-Arlington-Alexandria, DC-VA-MD-WV Metro Area"
47900,51,187,"Washington-Arlington-Alexandria, DC-VA-MD-WV Metro Area"
47900,24,9,"Washington-Arlington-Alexandria, DC-VA-MD-WV Metro Area"
47900,24,17,"Washington-Arlington-Alexandria, DC-VA-MD-WV Metro Area"
47900,51,59,"Washington-Arlington-Alexandria, DC-VA-MD-WV Metro Area"
47900,54,37,"Washington-Arlington-Alexandria, DC-VA-MD-WV Metro Area"
47900,51,107,"Washington-Arlington-Alexandria, DC-VA-MD-WV Metro Area"
47900,51,510,"Washington-Arlington-Alexandria, DC-VA-MD-WV Metro Area"
47900,51,610,"Washington-Arlington-Alexandria, DC-VA-MD-WV Metro Area"
47900,51,61,"Washington-Arlington-Alexandria, DC-VA-MD-WV Metro Area"
47900,24,21,"Washington-Arlington-Alexandria, DC-VA-MD-WV Metro Area"
47900,51,683,"Washington-Arlington-Alexandria, DC-VA-MD-WV Metro Area"
47900,51,685,"Washington-Arlington-Alexandria, DC-VA-MD-WV Metro Area"
47900,51,13,"Washington-Arlington-Alexandria, DC-VA-MD-WV Metro Area"
47920,39,47,"Washington Court House, OH Micro Area"
47940,19,17,"Waterloo-Cedar Falls, IA Metro Area"
47940,19,13,"Waterloo-Cedar Falls, IA Metro Area"
47940,19,75,"Waterloo-Cedar Falls, IA Metro Area"
47980,46,57,"Watertown, SD Micro Area"
47980,46,29,"Watertown, SD Micro Area"
48020,55,55,"Watertown-Fort Atkinson, WI Micro Area"
48060,36,45,"Watertown-Fort Drum, NY Micro Area"
48100,12,49,"Wauchula, FL Micro Area"
48140,55,73,"Wausau, WI Metro Area"
48180,13,299,"Waycross, GA Micro Area"
48180,13,229,"Waycross, GA Micro Area"
48220,40,39,"Weatherford, OK Micro Area"
48300,53,7,"Wenatchee-East Wenatchee, WA Metro Area"
48300,53,17,"Wenatchee-East Wenatchee, WA Metro Area"
48460,29,91,"West Plains, MO Micro Area"
48500,28,25,"West Point, MS Micro Area"
48540,39,13,"Wheeling, WV-OH Metro Area"
48540,54,69,"Wheeling, WV-OH Metro Area"
48540,54,51,"Wheeling, WV-OH Metro Area"
48580,55,127,"Whitewater, WI Micro Area"
48620,20,15,"Wichita, KS Metro Area"
48620,20,173,"Wichita, KS Metro Area"
48620,20,191,"Wichita, KS Metro Area"
48620,20,79,"Wichita, KS Metro Area"
48660,48,485,"Wichita Falls, TX Metro Area"
48660,48,9,"Wichita Falls, TX Metro Area"
48660,48,77,"Wichita Falls, TX Metro Area"
48700,42,81,"Williamsport, PA Metro Area"
48740,9,15,"Willimantic, CT Micro Area"
48780,38,105,"Williston, ND Micro Area"
48820,27,67,"Willmar, MN Micro Area"
48900,37,19,"Wilmington, NC Metro Area"
48900,37,141,"Wilmington, NC Metro Area"
48900,37,129,"Wilmington, NC Metro Area"
48940,39,27,"Wilmington, OH Micro Area"
48980,37,195,"Wilson, NC Micro Area"
49020,51,840,"Winchester, VA-WV Metro Area"
49020,54,27,"Winchester, VA-WV Metro Area"
49020,51,69,"Winchester, VA-WV Metro Area"
49060,20,35,"Winfield, KS Micro Area"
49100,27,169,"Winona, MN Micro Area"
49180,37,67,"Winston-Salem, NC Metro Area"
49180,37,197,"Winston-Salem, NC Metro Area"
49180,37,169,"Winston-Salem, NC Metro Area"
49180,37,59,"Winston-Salem, NC Metro Area"
49260,40,153,"Woodward, OK Micro Area"
49300,39,169,"Wooster, OH Micro Area"
49340,25,27,"Worcester, MA Metro Area"
49380,27,105,"Worthington, MN Micro Area"
49420,53,77,"Yakima, WA Metro Area"
49460,46,135,"Yankton, SD Micro Area"
49540,28,163,"Yazoo City, MS Micro Area"
49620,42,133,"York-Hanover, PA Metro Area"
49660,42,85,"Youngstown-Warren-Boardman, OH-PA Metro Area"
49660,39,99,"Youngstown-Warren-Boardman, OH-PA Metro Area"
49660,39,155,"Youngstown-Warren-Boardman, OH-PA Metro Area"
49700,6,101,"Yuba City, CA Metro Area"
49700,6,115,"Yuba City, CA Metro Area"
49740,4,27,"Yuma, AZ Metro Area"
49780,39,119,"Zanesville, OH Micro Area"
NA,40,107,NA
NA,21,201,NA
NA,35,51,NA
NA,21,205,NA
NA,21,207,NA
NA,1,11,NA
NA,1,13,NA
NA,21,213,NA
NA,48,67,NA
NA,1,19,NA
NA,21,219,NA
NA,1,23,NA
NA,1,25,NA
NA,1,27,NA
NA,1,29,NA
NA,21,229,NA
NA,12,121,NA
NA,1,35,NA
NA,12,125,NA
NA,1,39,NA
NA,1,41,NA
NA,12,131,NA
NA,12,133,NA
NA,13,1,NA
NA,28,159,NA
NA,13,5,NA
NA,1,53,NA
NA,18,117,NA
NA,1,57,NA
NA,1,59,NA
NA,18,123,NA
NA,22,21,NA
NA,13,19,NA
NA,22,25,NA
NA,13,23,NA
NA,41,23,NA
NA,18,135,NA
NA,1,75,NA
NA,18,139,NA
NA,41,31,NA
NA,22,39,NA
NA,13,37,NA
NA,18,147,NA
NA,13,43,NA
NA,29,35,NA
NA,1,91,NA
NA,1,93,NA
NA,29,41,NA
NA,53,13,NA
NA,1,99,NA
NA,22,59,NA
NA,41,55,NA
NA,1,105,NA
NA,1,107,NA
NA,13,65,NA
NA,1,111,NA
NA,36,97,NA
NA,29,61,NA
NA,41,69,NA
NA,1,119,NA
NA,29,67,NA
NA,19,1,NA
NA,19,3,NA
NA,19,5,NA
NA,1,129,NA
NA,1,131,NA
NA,1,133,NA
NA,2,13,NA
NA,2,16,NA
NA,29,85,NA
NA,2,50,NA
NA,2,60,NA
NA,2,68,NA
NA,2,70,NA
NA,13,105,NA
NA,2,100,NA
NA,2,105,NA
NA,13,111,NA
NA,2,122,NA
NA,19,37,NA
NA,19,39,NA
NA,2,164,NA
NA,19,43,NA
NA,2,180,NA
NA,2,185,NA
NA,2,188,NA
NA,2,195,NA
NA,2,198,NA
NA,2,220,NA
NA,2,230,NA
NA,2,240,NA
NA,2,261,NA
NA,2,270,NA
NA,2,275,NA
NA,2,282,NA
NA,2,290,NA
NA,4,1,NA
NA,19,73,NA
NA,23,27,NA
NA,23,29,NA
NA,13,157,NA
NA,19,81,NA
NA,4,12,NA
NA,13,163,NA
NA,13,165,NA
NA,19,89,NA
NA,19,91,NA
NA,19,93,NA
NA,19,95,NA
NA,19,97,NA
NA,48,271,NA
NA,5,1,NA
NA,5,3,NA
NA,46,115,NA
NA,19,107,NA
NA,13,187,NA
NA,5,11,NA
NA,29,181,NA
NA,5,15,NA
NA,5,17,NA
NA,19,119,NA
NA,5,21,NA
NA,5,23,NA
NA,13,205,NA
NA,48,299,NA
NA,5,29,NA
NA,13,211,NA
NA,19,133,NA
NA,19,135,NA
NA,5,37,NA
NA,5,39,NA
NA,5,41,NA
NA,5,43,NA
NA,19,145,NA
NA,19,147,NA
NA,5,49,NA
NA,19,151,NA
NA,29,223,NA
NA,13,235,NA
NA,13,237,NA
NA,5,59,NA
NA,5,61,NA
NA,13,243,NA
NA,5,65,NA
NA,5,67,NA
NA,26,13,NA
NA,5,71,NA
NA,5,73,NA
NA,5,75,NA
NA,5,77,NA
NA,13,259,NA
NA,5,81,NA
NA,5,83,NA
NA,13,265,NA
NA,13,267,NA
NA,5,89,NA
NA,13,271,NA
NA,48,365,NA
NA,5,95,NA
NA,5,97,NA
NA,20,1,NA
NA,13,281,NA
NA,13,283,NA
NA,20,7,NA
NA,13,287,NA
NA,5,109,NA
NA,13,291,NA
NA,5,113,NA
NA,26,59,NA
NA,5,117,NA
NA,20,21,NA
NA,5,121,NA
NA,13,303,NA
NA,20,27,NA
NA,5,127,NA
NA,5,129,NA
NA,13,311,NA
NA,5,133,NA
NA,5,135,NA
NA,5,137,NA
NA,13,319,NA
NA,5,141,NA
NA,30,81,NA
NA,20,47,NA
NA,5,147,NA
NA,30,87,NA
NA,20,53,NA
NA,6,3,NA
NA,6,5,NA
NA,26,101,NA
NA,6,9,NA
NA,6,11,NA
NA,20,65,NA
NA,16,13,NA
NA,20,69,NA
NA,16,17,NA
NA,6,21,NA
NA,16,21,NA
NA,16,23,NA
NA,16,25,NA
NA,20,81,NA
NA,16,29,NA
NA,26,127,NA
NA,16,33,NA
NA,16,35,NA
NA,16,37,NA
NA,20,93,NA
NA,6,43,NA
NA,20,97,NA
NA,26,141,NA
NA,6,49,NA
NA,6,51,NA
NA,20,105,NA
NA,31,31,NA
NA,20,109,NA
NA,26,153,NA
NA,16,59,NA
NA,6,63,NA
NA,16,63,NA
NA,20,119,NA
NA,31,45,NA
NA,20,123,NA
NA,16,71,NA
NA,20,127,NA
NA,20,129,NA
NA,20,131,NA
NA,16,79,NA
NA,20,135,NA
NA,20,137,NA
NA,16,85,NA
NA,16,87,NA
NA,6,91,NA
NA,6,93,NA
NA,20,147,NA
NA,18,45,NA
NA,17,9,NA
NA,20,153,NA
NA,27,31,NA
NA,6,105,NA
NA,17,17,NA
NA,31,85,NA
NA,20,163,NA
NA,17,23,NA
NA,17,25,NA
NA,27,45,NA
NA,8,3,NA
NA,31,97,NA
NA,8,7,NA
NA,8,9,NA
NA,8,11,NA
NA,17,39,NA
NA,17,41,NA
NA,8,15,NA
NA,8,17,NA
NA,17,47,NA
NA,8,21,NA
NA,8,23,NA
NA,8,25,NA
NA,8,27,NA
NA,8,29,NA
NA,17,59,NA
NA,8,33,NA
NA,20,205,NA
NA,20,207,NA
NA,17,67,NA
NA,17,69,NA
NA,21,3,NA
NA,8,45,NA
NA,17,75,NA
NA,8,49,NA
NA,8,51,NA
NA,8,53,NA
NA,8,55,NA
NA,8,57,NA
NA,17,87,NA
NA,8,61,NA
NA,8,63,NA
NA,21,25,NA
NA,21,27,NA
NA,27,115,NA
NA,8,71,NA
NA,8,73,NA
NA,27,121,NA
NA,31,171,NA
NA,8,79,NA
NA,8,81,NA
NA,8,83,NA
NA,21,45,NA
NA,27,133,NA
NA,8,89,NA
NA,8,91,NA
NA,21,53,NA
NA,8,95,NA
NA,8,97,NA
NA,8,99,NA
NA,32,9,NA
NA,8,103,NA
NA,8,105,NA
NA,8,107,NA
NA,8,109,NA
NA,8,111,NA
NA,8,113,NA
NA,8,115,NA
NA,17,145,NA
NA,21,79,NA
NA,8,121,NA
NA,17,151,NA
NA,8,125,NA
NA,21,87,NA
NA,17,157,NA
NA,17,159,NA
NA,40,1,NA
NA,21,95,NA
NA,21,97,NA
NA,21,99,NA
NA,17,169,NA
NA,40,11,NA
NA,17,173,NA
NA,28,19,NA
NA,21,109,NA
NA,51,99,NA
NA,17,181,NA
NA,21,115,NA
NA,12,7,NA
NA,21,119,NA
NA,17,189,NA
NA,12,13,NA
NA,17,193,NA
NA,21,127,NA
NA,21,129,NA
NA,21,131,NA
NA,21,133,NA
NA,40,43,NA
NA,12,29,NA
NA,28,51,NA
NA,21,141,NA
NA,21,143,NA
NA,12,37,NA
NA,21,147,NA
NA,40,57,NA
NA,12,43,NA
NA,12,45,NA
NA,12,47,NA
NA,21,157,NA
NA,21,159,NA
NA,18,25,NA
NA,51,157,NA
NA,28,77,NA
NA,12,59,NA
NA,35,19,NA
NA,12,63,NA
NA,35,23,NA
NA,12,67,NA
NA,51,171,NA
NA,28,91,NA
NA,13,181,NA
NA,12,75,NA
NA,12,77,NA
NA,12,79,NA
NA,21,189,NA
NA,28,103,NA
NA,21,193,NA
NA,21,195,NA
NA,21,197,NA
NA,51,195,NA
NA,51,197,NA
NA,42,127,NA
NA,28,117,NA
NA,28,119,NA
NA,19,131,NA
NA,18,75,NA
NA,28,125,NA
NA,19,137,NA
NA,28,129,NA
NA,40,127,NA
NA,40,129,NA
NA,18,87,NA
NA,21,225,NA
NA,28,139,NA
NA,28,141,NA
NA,21,231,NA
NA,12,123,NA
NA,28,147,NA
NA,18,101,NA
NA,36,25,NA
NA,28,153,NA
NA,22,3,NA
NA,28,157,NA
NA,41,1,NA
NA,22,9,NA
NA,48,103,NA
NA,22,13,NA
NA,13,11,NA
NA,18,121,NA
NA,48,111,NA
NA,29,9,NA
NA,29,11,NA
NA,26,31,NA
NA,18,131,NA
NA,19,191,NA
NA,41,25,NA
NA,18,137,NA
NA,22,35,NA
NA,48,129,NA
NA,48,131,NA
NA,22,41,NA
NA,41,37,NA
NA,18,149,NA
NA,41,41,NA
NA,20,13,NA
NA,13,49,NA
NA,48,145,NA
NA,20,19,NA
NA,18,161,NA
NA,48,151,NA
NA,48,153,NA
NA,13,61,NA
NA,29,53,NA
NA,18,171,NA
NA,29,57,NA
NA,48,163,NA
NA,48,165,NA
NA,13,317,NA
NA,13,75,NA
NA,36,105,NA
NA,22,81,NA
NA,22,83,NA
NA,22,85,NA
NA,19,7,NA
NA,19,9,NA
NA,29,79,NA
NA,13,91,NA
NA,13,93,NA
NA,36,123,NA
NA,19,19,NA
NA,13,99,NA
NA,19,23,NA
NA,19,25,NA
NA,19,27,NA
NA,13,107,NA
NA,13,109,NA
NA,37,15,NA
NA,19,35,NA
NA,31,5,NA
NA,48,211,NA
NA,13,119,NA
NA,22,123,NA
NA,13,123,NA
NA,13,125,NA
NA,29,117,NA
NA,19,51,NA
NA,13,131,NA
NA,13,133,NA
NA,23,9,NA
NA,37,41,NA
NA,29,129,NA
NA,19,63,NA
NA,19,65,NA
NA,19,67,NA
NA,13,147,NA
NA,19,71,NA
NA,23,25,NA
NA,29,143,NA
NA,21,153,NA
NA,19,79,NA
NA,29,149,NA
NA,13,161,NA
NA,29,153,NA
NA,19,87,NA
NA,24,11,NA
NA,37,73,NA
NA,37,75,NA
NA,29,163,NA
NA,48,269,NA
NA,54,59,NA
NA,19,101,NA
NA,27,23,NA
NA,21,181,NA
NA,24,29,NA
NA,19,109,NA
NA,29,179,NA
NA,37,95,NA
NA,13,193,NA
NA,19,117,NA
NA,29,186,NA
NA,48,293,NA
NA,13,201,NA
NA,49,31,NA
NA,54,87,NA
NA,29,199,NA
NA,17,33,NA
NA,29,203,NA
NA,25,7,NA
NA,20,181,NA
NA,37,121,NA
NA,19,141,NA
NA,19,143,NA
NA,29,215,NA
NA,25,19,NA
NA,19,149,NA
NA,45,9,NA
NA,45,11,NA
NA,48,327,NA
NA,19,157,NA
NA,19,159,NA
NA,13,241,NA
NA,30,1,NA
NA,19,165,NA
NA,19,167,NA
NA,30,7,NA
NA,13,251,NA
NA,13,253,NA
NA,19,175,NA
NA,19,177,NA
NA,30,17,NA
NA,30,19,NA
NA,13,263,NA
NA,19,185,NA
NA,27,107,NA
NA,13,269,NA
NA,47,67,NA
NA,27,113,NA
NA,26,39,NA
NA,19,197,NA
NA,30,37,NA
NA,20,3,NA
NA,26,47,NA
NA,37,187,NA
NA,26,51,NA
NA,20,11,NA
NA,31,179,NA
NA,30,51,NA
NA,30,53,NA
NA,21,51,NA
NA,26,63,NA
NA,13,301,NA
NA,20,25,NA
NA,26,69,NA
NA,13,307,NA
NA,13,309,NA
NA,20,33,NA
NA,30,71,NA
NA,13,315,NA
NA,17,139,NA
NA,20,41,NA
NA,26,85,NA
NA,38,25,NA
NA,30,83,NA
NA,15,5,NA
NA,38,31,NA
NA,26,95,NA
NA,26,97,NA
NA,16,3,NA
NA,30,95,NA
NA,16,7,NA
NA,16,9,NA
NA,30,101,NA
NA,20,67,NA
NA,30,105,NA
NA,20,71,NA
NA,20,73,NA
NA,20,75,NA
NA,20,77,NA
NA,31,3,NA
NA,29,103,NA
NA,20,83,NA
NA,31,9,NA
NA,26,129,NA
NA,20,89,NA
NA,26,133,NA
NA,26,135,NA
NA,20,95,NA
NA,31,21,NA
NA,31,23,NA
NA,16,47,NA
NA,16,49,NA
NA,31,29,NA
NA,38,87,NA
NA,26,151,NA
NA,38,91,NA
NA,31,37,NA
NA,16,61,NA
NA,20,117,NA
NA,38,99,NA
NA,48,247,NA
NA,38,103,NA
NA,27,1,NA
NA,39,1,NA
NA,27,5,NA
NA,46,97,NA
NA,20,133,NA
NA,27,11,NA
NA,31,61,NA
NA,31,63,NA
NA,20,141,NA
NA,46,109,NA
NA,20,145,NA
NA,48,31,NA
NA,29,171,NA
NA,20,151,NA
NA,27,29,NA
NA,46,121,NA
NA,17,15,NA
NA,20,159,NA
NA,48,45,NA
NA,31,87,NA
NA,20,165,NA
NA,20,167,NA
NA,48,295,NA
NA,20,171,NA
NA,47,5,NA
NA,37,111,NA
NA,31,101,NA
NA,20,179,NA
NA,29,205,NA
NA,20,183,NA
NA,20,185,NA
NA,17,45,NA
NA,20,189,NA
NA,31,115,NA
NA,17,51,NA
NA,20,195,NA
NA,17,55,NA
NA,20,199,NA
NA,20,201,NA
NA,17,61,NA
NA,27,81,NA
NA,31,131,NA
NA,31,133,NA
NA,21,1,NA
NA,27,89,NA
NA,50,19,NA
NA,27,93,NA
NA,27,95,NA
NA,17,79,NA
NA,31,147,NA
NA,27,101,NA
NA,17,85,NA
NA,47,61,NA
NA,36,49,NA
NA,30,25,NA
NA,22,27,NA
NA,26,35,NA
NA,31,163,NA
NA,21,31,NA
NA,17,101,NA
NA,31,169,NA
NA,39,121,NA
NA,21,39,NA
NA,21,41,NA
NA,21,43,NA
NA,26,53,NA
NA,31,181,NA
NA,27,135,NA
NA,48,387,NA
NA,39,137,NA
NA,21,55,NA
NA,17,125,NA
NA,47,101,NA
NA,47,103,NA
NA,21,63,NA
NA,21,65,NA
NA,17,135,NA
NA,21,69,NA
NA,53,31,NA
NA,27,159,NA
NA,27,161,NA
NA,32,27,NA
NA,27,165,NA
NA,17,149,NA
NA,32,33,NA
NA,17,153,NA
NA,27,173,NA
NA,33,3,NA
NA,39,175,NA
NA,47,135,NA
NA,28,7,NA
NA,28,9,NA
NA,40,7,NA
NA,28,13,NA
NA,51,91,NA
NA,21,105,NA
NA,40,15,NA
NA,28,21,NA
NA,48,205,NA
NA,55,125,NA
NA,40,23,NA
NA,17,185,NA
NA,28,31,NA
NA,21,121,NA
NA,17,191,NA
NA,28,37,NA
NA,40,35,NA
NA,28,41,NA
NA,51,119,NA
NA,40,41,NA
NA,29,125,NA
NA,40,45,NA
NA,47,181,NA
NA,28,53,NA
NA,28,55,NA
NA,18,9,NA
NA,40,55,NA
NA,51,141,NA
NA,28,63,NA
NA,46,85,NA
NA,21,155,NA
NA,35,7,NA
NA,40,67,NA
NA,35,11,NA
NA,54,45,NA
NA,40,73,NA
NA,21,167,NA
NA,40,77,NA
NA,21,171,NA
NA,51,167,NA
NA,21,175,NA
NA,46,107,NA
NA,24,23,NA
NA,31,71,NA
NA,21,183,NA
NA,18,49,NA
NA,21,187,NA
NA,28,101,NA
NA,40,99,NA
NA,42,117,NA
NA,28,107,NA
NA,40,105,NA
NA,31,89,NA
NA,27,43,NA
NA,48,297,NA
NA,35,53,NA
NA,49,33,NA
NA,37,113,NA
NA,28,123,NA
NA,31,103,NA
NA,29,207,NA
NA,36,3,NA
NA,51,580,NA
NA,45,1,NA
NA,28,135,NA
NA,40,133,NA
NA,48,79,NA
NA,48,81,NA
NA,36,17,NA
NA,28,145,NA
NA,48,87,NA
NA,21,237,NA
NA,19,161,NA
NA,40,149,NA
NA,28,155,NA
NA,36,31,NA
NA,45,27,NA
NA,28,161,NA
NA,19,173,NA
NA,36,39,NA
NA,36,41,NA
NA,29,5,NA
NA,37,163,NA
NA,30,21,NA
NA,26,29,NA
NA,39,105,NA
NA,19,189,NA
NA,29,15,NA
NA,48,123,NA
NA,48,125,NA
NA,48,127,NA
NA,48,371,NA
NA,30,39,NA
NA,29,29,NA
NA,53,1,NA
NA,29,33,NA
NA,27,129,NA
NA,48,383,NA
NA,18,155,NA
NA,31,183,NA
NA,30,55,NA
NA,48,149,NA
NA,20,23,NA
NA,53,19,NA
NA,41,57,NA
NA,53,23,NA
NA,29,55,NA
NA,41,63,NA
NA,48,405,NA
NA,30,73,NA
NA,20,39,NA
NA,18,181,NA
NA,30,79,NA
NA,48,173,NA
NA,38,27,NA
NA,29,73,NA
NA,29,75,NA
NA,53,47,NA
NA,53,49,NA
NA,22,93,NA
NA,29,83,NA
NA,53,55,NA
NA,29,87,NA
NA,42,23,NA
NA,37,5,NA
NA,29,93,NA
NA,22,107,NA
NA,19,29,NA
NA,19,31,NA
NA,26,119,NA
NA,38,57,NA
NA,38,61,NA
NA,38,63,NA
NA,29,109,NA
NA,31,11,NA
NA,48,217,NA
NA,19,47,NA
NA,31,17,NA
NA,23,3,NA
NA,19,53,NA
NA,19,55,NA
NA,20,101,NA
NA,31,27,NA
NA,37,43,NA
NA,23,15,NA
NA,23,17,NA
NA,48,239,NA
NA,19,69,NA
NA,29,139,NA
NA,29,141,NA
NA,35,3,NA
NA,28,65,NA
NA,37,61,NA
NA,54,41,NA
NA,19,83,NA
NA,46,95,NA
NA,29,155,NA
NA,29,157,NA
NA,48,263,NA
NA,48,507,NA
NA,37,77,NA
NA,31,65,NA
NA,56,43,NA
NA,31,69,NA
NA,51,173,NA
NA,40,89,NA
NA,48,279,NA
NA,37,91,NA
NA,42,113,NA
NA,42,115,NA
NA,31,83,NA
NA,29,185,NA
NA,46,129,NA
NA,51,193,NA
NA,49,27,NA
NA,54,83,NA
NA,31,95,NA
NA,48,137,NA
NA,27,51,NA
NA,48,305,NA
NA,35,59,NA
NA,27,57,NA
NA,48,311,NA
NA,29,211,NA
NA,20,187,NA
NA,48,317,NA
NA,29,217,NA
NA,54,109,NA
NA,55,1,NA
NA,55,3,NA
NA,55,5,NA
NA,26,1,NA
NA,26,3,NA
NA,31,129,NA
NA,48,335,NA
NA,26,9,NA
NA,26,11,NA
NA,31,137,NA
NA,19,171,NA
NA,47,49,NA
NA,31,143,NA
NA,30,15,NA
NA,48,351,NA
NA,31,149,NA
NA,31,151,NA
NA,51,5,NA
NA,30,23,NA
NA,48,359,NA
NA,30,27,NA
NA,31,161,NA
NA,30,33,NA
NA,30,35,NA
NA,21,33,NA
NA,47,77,NA
NA,37,185,NA
NA,48,377,NA
NA,30,45,NA
NA,31,15,NA
NA,30,47,NA
NA,48,385,NA
NA,29,39,NA
NA,31,185,NA
NA,30,57,NA
NA,47,97,NA
NA,30,61,NA
NA,38,5,NA
NA,20,29,NA
NA,20,31,NA
NA,30,69,NA
NA,27,153,NA
NA,27,155,NA
NA,21,71,NA
NA,30,77,NA
NA,51,63,NA
NA,55,91,NA
NA,39,163,NA
NA,20,49,NA
NA,46,17,NA
NA,30,89,NA
NA,30,91,NA
NA,38,37,NA
NA,38,39,NA
NA,30,97,NA
NA,20,63,NA
NA,38,45,NA
NA,30,103,NA
NA,55,115,NA
NA,30,107,NA
NA,30,109,NA
NA,26,117,NA
NA,47,151,NA
NA,46,41,NA
NA,37,17,NA
NA,51,103,NA
NA,38,65,NA
NA,54,1,NA
NA,26,131,NA
NA,54,85,NA
NA,40,33,NA
NA,26,137,NA
NA,46,63,NA
NA,38,79,NA
NA,47,175,NA
NA,37,39,NA
NA,38,85,NA
NA,46,73,NA
NA,31,33,NA
NA,46,77,NA
NA,46,79,NA
NA,20,115,NA
NA,31,41,NA
NA,38,97,NA
NA,54,35,NA
NA,46,89,NA
NA,31,49,NA
NA,56,31,NA
NA,40,69,NA
NA,48,501,NA
NA,31,57,NA
NA,31,59,NA
NA,51,163,NA
NA,46,105,NA
NA,48,267,NA
NA,47,55,NA
NA,56,45,NA
NA,46,111,NA
NA,42,105,NA
NA,31,75,NA
NA,31,77,NA
NA,49,17,NA
NA,20,157,NA
NA,48,43,NA
NA,48,287,NA
NA,40,103,NA
NA,49,25,NA
NA,48,373,NA
NA,31,91,NA
NA,27,127,NA
NA,45,65,NA
NA,48,301,NA
NA,49,39,NA
NA,54,93,NA
NA,37,117,NA
NA,31,107,NA
NA,27,61,NA
NA,37,123,NA
NA,27,65,NA
NA,39,65,NA
NA,20,193,NA
NA,27,71,NA
NA,27,73,NA
NA,27,75,NA
NA,27,77,NA
NA,20,203,NA
NA,48,89,NA
NA,47,39,NA
NA,47,41,NA
NA,27,87,NA
NA,30,5,NA
NA,55,19,NA
NA,48,101,NA
NA,30,11,NA
NA,27,97,NA
NA,51,81,NA
NA,48,109,NA
NA,51,1,NA
NA,47,143,NA
NA,48,357,NA
NA,28,17,NA
NA,37,173,NA
NA,47,71,NA
NA,27,117,NA
NA,48,369,NA
NA,55,47,NA
NA,40,25,NA
NA,27,125,NA
NA,40,29,NA
NA,51,111,NA
NA,39,127,NA
NA,39,131,NA
NA,51,29,NA
NA,55,65,NA
NA,47,95,NA
NA,38,1,NA
NA,21,57,NA
NA,27,143,NA
NA,48,155,NA
NA,27,149,NA
NA,27,151,NA
NA,48,161,NA
NA,55,81,NA
NA,46,3,NA
NA,32,21,NA
NA,29,65,NA
NA,38,23,NA
NA,53,39,NA
NA,47,123,NA
NA,48,177,NA
NA,21,85,NA
NA,39,171,NA
NA,51,77,NA
NA,29,81,NA
NA,49,1,NA
NA,40,3,NA
NA,40,5,NA
NA,48,193,NA
NA,46,113,NA
NA,48,197,NA
NA,28,97,NA
NA,37,11,NA
NA,53,69,NA
NA,48,443,NA
NA,46,43,NA
NA,46,47,NA
NA,48,47,NA
NA,46,51,NA
NA,48,133,NA
NA,46,137,NA
NA,22,127,NA
NA,38,73,NA
NA,51,117,NA
NA,29,121,NA
NA,23,7,NA
NA,26,143,NA
NA,38,83,NA
NA,51,131,NA
NA,40,49,NA
NA,47,185,NA
NA,40,53,NA
NA,51,139,NA
NA,48,243,NA
NA,54,31,NA
NA,56,23,NA
NA,40,63,NA
NA,56,27,NA
NA,46,91,NA
NA,48,255,NA
NA,48,499,NA
NA,48,17,NA
NA,28,79,NA
NA,46,101,NA
NA,35,21,NA
NA,48,105,NA
NA,51,720,NA
NA,55,29,NA
NA,48,191,NA
NA,46,31,NA
NA,28,95,NA
NA,46,33,NA
NA,28,99,NA
NA,35,37,NA
NA,48,285,NA
NA,31,81,NA
NA,37,99,NA
NA,39,115,NA
NA,51,21,NA
NA,51,105,NA
NA,31,173,NA
NA,31,175,NA
NA,48,379,NA
NA,47,7,NA
NA,49,37,NA
NA,49,41,NA
NA,54,97,NA
NA,48,69,NA
NA,47,17,NA
NA,48,315,NA
NA,48,75,NA
NA,45,5,NA
NA,27,69,NA
NA,51,620,NA
NA,48,83,NA
NA,40,141,NA
NA,29,227,NA
NA,29,229,NA
NA,48,333,NA
NA,48,93,NA
NA,40,151,NA
NA,31,135,NA
NA,37,149,NA
NA,48,343,NA
NA,46,21,NA
NA,46,23,NA
NA,36,121,NA
NA,38,41,NA
NA,50,25,NA
NA,26,105,NA
NA,48,195,NA
NA,48,33,NA
NA,37,9,NA
NA,41,21,NA
NA,39,111,NA
NA,37,177,NA
NA,31,165,NA
NA,48,207,NA
NA,46,49,NA
NA,51,17,NA
NA,38,67,NA
NA,31,13,NA
NA,38,71,NA
NA,45,67,NA
NA,51,27,NA
NA,47,91,NA
NA,37,199,NA
NA,51,37,NA
NA,30,59,NA
NA,38,3,NA
NA,29,131,NA
NA,26,71,NA
NA,48,159,NA
NA,38,13,NA
NA,32,15,NA
NA,32,17,NA
NA,30,75,NA
NA,38,21,NA
NA,48,169,NA
NA,46,9,NA
NA,48,417,NA
NA,30,85,NA
NA,42,9,NA
NA,38,33,NA
NA,40,75,NA
NA,48,505,NA
NA,48,23,NA
NA,31,145,NA
NA,48,429,NA
NA,53,51,NA
NA,30,99,NA
NA,38,47,NA
NA,54,67,NA
NA,38,53,NA
NA,38,55,NA
NA,27,33,NA
NA,48,445,NA
NA,54,75,NA
NA,48,289,NA
NA,55,123,NA
NA,45,61,NA
NA,55,53,NA
NA,51,25,NA
NA,51,113,NA
NA,37,33,NA
NA,48,467,NA
NA,56,3,NA
NA,29,123,NA
NA,42,59,NA
NA,54,21,NA
NA,27,63,NA
NA,29,133,NA
NA,56,15,NA
NA,23,21,NA
NA,26,157,NA
NA,31,39,NA
NA,40,59,NA
NA,40,61,NA
NA,51,147,NA
NA,39,79,NA
NA,48,495,NA
NA,56,29,NA
NA,54,47,NA
NA,48,503,NA
NA,45,25,NA
NA,47,129,NA
NA,48,345,NA
NA,46,25,NA
NA,55,23,NA
NA,55,103,NA
NA,47,137,NA
NA,51,83,NA
NA,48,433,NA
NA,46,119,NA
NA,48,283,NA
NA,45,49,NA
NA,47,69,NA
NA,48,447,NA
NA,49,19,NA
NA,55,129,NA
NA,48,455,NA
NA,46,53,NA
NA,39,125,NA
NA,54,89,NA
NA,46,59,NA
NA,48,63,NA
NA,31,105,NA
NA,54,95,NA
NA,48,391,NA
NA,46,71,NA
NA,54,103,NA
NA,48,319,NA
NA,39,69,NA
NA,39,71,NA
NA,31,123,NA
NA,31,125,NA
NA,27,79,NA
NA,46,7,NA
NA,55,13,NA
NA,30,3,NA
NA,48,95,NA
NA,50,15,NA
NA,46,15,NA
NA,38,29,NA
NA,55,99,NA
NA,55,95,NA
NA,48,185,NA
NA,45,89,NA
NA,38,69,NA
NA,48,431,NA
NA,48,275,NA
NA,38,51,NA
NA,53,65,NA
NA,42,31,NA
NA,40,97,NA
NA,55,119,NA
NA,46,123,NA
NA,55,121,NA
NA,30,67,NA
NA,55,51,NA
NA,48,483,NA
NA,47,109,NA
NA,47,85,NA
NA,55,57,NA
NA,42,53,NA
NA,51,35,NA
NA,55,67,NA
NA,38,81,NA
NA,42,57,NA
NA,56,11,NA
NA,46,75,NA
NA,46,19,NA
NA,32,13,NA
NA,51,595,NA
NA,29,137,NA
NA,51,57,NA
NA,38,19,NA
NA,55,7,NA
NA,48,411,NA
NA,47,121,NA
NA,48,421,NA
NA,51,159,NA
NA,48,313,NA
NA,54,101,NA
NA,48,419,NA
NA,48,229,NA
NA,30,65,NA
NA,48,241,NA
NA,29,115,NA
NA,48,435,NA
NA,49,13,NA
NA,35,33,NA
NA,40,95,NA
NA,46,39,NA
NA,55,41,NA
NA,53,43,NA
NA,46,69,NA
NA,51,135,NA
NA,48,461,NA
NA,51,133,NA
NA,39,67,NA
NA,38,95,NA
NA,51,530,NA
NA,54,7,NA
NA,48,225,NA
NA,54,13,NA
NA,48,475,NA
NA,56,35,NA
NA,54,71,NA
NA,40,93,NA
NA,47,27,NA
NA,56,19,NA
NA,39,73,NA
NA,37,47,NA
NA,55,11,NA
NA,51,678,NA
NA,49,15,NA
NA,48,331,NA
NA,54,63,NA
NA,38,11,NA
NA,48,457,NA
NA,48,337,NA
NA,56,7,NA
NA,48,437,NA
NA,46,37,NA
NA,55,107,NA
NA,49,9,NA
NA,47,33,NA
NA,42,65,NA
NA,48,413,NA
NA,55,113,NA
NA,47,83,NA
NA,55,137,NA
NA,50,1,NA
NA,51,640,NA
NA,50,5,NA
NA,49,55,NA
NA,48,307,NA
NA,48,35,NA
NA,48,403,NA
NA,51,175,NA
NA,46,67,NA
NA,51,51,NA
NA,55,135,NA
NA,56,17,NA
NA,55,85,NA
NA,31,127,NA
NA,51,137,NA
NA,48,237,NA
NA,54,25,NA
NA,38,43,NA
NA,40,91,NA
NA,39,75,NA
NA,54,23,NA
NA,38,9,NA
NA,46,55,NA
NA,55,77,NA
NA,48,399,NA
NA,55,78,NA
NA,56,9,NA
NA,47,25,NA
NA,42,67,NA
